CASES SOLD,CUSTOMER ID,SALE DATE,WINE ID,SALESPERSON ID,WINESALES NO
164,1,2017-03-14 00:00:00,11,6,73
243,1,2017-04-18 00:00:00,3,2,106
343,1,2017-04-23 00:00:00,5,3,110
245,1,2017-05-20 00:00:00,4,1,131
80,1,2017-12-09 00:00:00,13,5,297
142,1,2018-02-22 00:00:00,12,6,367
160,1,2018-03-08 00:00:00,5,5,375
96,1,2018-07-28 00:00:00,7,6,496
390,1,2019-01-15 00:00:00,1,3,640
149,1,2019-05-25 00:00:00,13,6,711
167,1,2019-09-10 00:00:00,11,6,840
253,1,2019-09-15 00:00:00,2,5,853
281,1,2019-09-23 00:00:00,10,6,861
178,1,2019-10-05 00:00:00,8,3,880
494,1,2019-10-30 00:00:00,1,3,913
179,1,2019-10-30 00:00:00,11,6,912
406,1,2019-11-25 00:00:00,2,5,931
129,1,2019-12-19 00:00:00,8,5,958
162,1,2020-04-17 00:00:00,8,4,1099
264,1,2020-06-15 00:00:00,10,4,1208
156,1,2020-06-30 00:00:00,9,3,1236
159,1,2020-07-11 00:00:00,7,3,1257
144,1,2020-07-18 00:00:00,9,3,1271
116,1,2020-09-28 00:00:00,9,1,1393
238,1,2020-11-06 00:00:00,12,5,2903
209,1,2020-11-09 00:00:00,3,3,1459
209,1,2020-11-19 00:00:00,1,2,1485
127,1,2020-12-03 00:00:00,8,4,1510
234,1,2021-01-07 00:00:00,1,6,1571
147,1,2021-02-06 00:00:00,12,2,1631
225,1,2021-03-23 00:00:00,5,3,1705
455,1,2021-04-11 00:00:00,2,4,1747
94,1,2021-04-29 00:00:00,8,3,1778
141,1,2021-05-29 00:00:00,9,5,1834
225,1,2021-06-11 00:00:00,5,4,1854
104,1,2021-07-01 00:00:00,12,6,1899
475,1,2021-07-31 00:00:00,1,4,1951
143,1,2021-09-21 00:00:00,13,3,2038
244,1,2021-09-24 00:00:00,3,5,2043
123,1,2021-09-24 00:00:00,12,5,2178
182,1,2021-11-20 00:00:00,5,2,2144
205,1,2021-12-04 00:00:00,3,4,2161
168,2,2017-02-19 00:00:00,1,4,58
452,2,2017-04-28 00:00:00,4,5,225
246,2,2017-05-05 00:00:00,4,3,119
372,2,2017-06-01 00:00:00,2,5,144
259,2,2017-06-30 00:00:00,10,6,157
162,2,2017-07-14 00:00:00,11,6,165
579,2,2017-07-20 00:00:00,10,4,345
292,2,2017-10-07 00:00:00,2,1,238
115,2,2017-10-25 00:00:00,12,3,251
130,2,2017-11-25 00:00:00,5,3,279
153,2,2018-03-11 00:00:00,8,3,378
275,2,2018-03-31 00:00:00,2,4,392
337,2,2018-09-06 00:00:00,10,5,530
84,2,2018-09-17 00:00:00,5,4,544
235,2,2018-12-25 00:00:00,1,6,627
265,2,2018-12-27 00:00:00,4,1,630
161,2,2019-02-17 00:00:00,5,3,654
413,2,2019-03-14 00:00:00,4,4,1333
257,2,2019-08-21 00:00:00,13,1,1625
291,2,2019-08-24 00:00:00,7,6,815
263,2,2019-09-21 00:00:00,7,1,859
265,2,2019-10-30 00:00:00,1,1,911
174,2,2019-11-20 00:00:00,11,3,926
475,2,2019-11-26 00:00:00,2,1,933
423,2,2019-12-10 00:00:00,4,3,2849
120,2,2019-12-21 00:00:00,12,3,959
200,2,2020-01-04 00:00:00,8,4,974
192,2,2020-01-08 00:00:00,1,4,979
175,2,2020-01-08 00:00:00,7,4,978
269,2,2020-01-18 00:00:00,1,4,985
233,2,2020-01-24 00:00:00,4,4,988
248,2,2020-02-09 00:00:00,6,1,3015
247,2,2020-02-20 00:00:00,3,1,1026
138,2,2020-02-27 00:00:00,5,1,1034
228,2,2020-03-01 00:00:00,6,1,3111
155,2,2020-03-12 00:00:00,7,4,1056
204,2,2020-03-15 00:00:00,3,1,1060
139,2,2020-03-24 00:00:00,12,1,1063
231,2,2020-03-30 00:00:00,3,1,1067
180,2,2020-04-13 00:00:00,8,2,1095
183,2,2020-06-06 00:00:00,1,2,1192
117,2,2020-07-08 00:00:00,12,3,1249
196,2,2020-07-11 00:00:00,8,6,1256
131,2,2020-09-21 00:00:00,5,6,1377
49,2,2020-10-16 00:00:00,13,5,1429
42,2,2020-11-11 00:00:00,13,4,1465
296,2,2020-11-22 00:00:00,7,5,1493
140,2,2021-01-04 00:00:00,4,5,1567
107,2,2021-01-10 00:00:00,8,6,1580
244,2,2021-02-14 00:00:00,3,5,1640
48,2,2021-02-22 00:00:00,13,4,1658
93,2,2021-03-30 00:00:00,6,2,1725
348,2,2021-04-01 00:00:00,10,6,1729
331,2,2021-04-15 00:00:00,1,5,1752
108,2,2021-04-20 00:00:00,4,2,1761
289,2,2021-04-23 00:00:00,12,4,3535
141,2,2021-06-10 00:00:00,7,1,1853
99,2,2021-06-29 00:00:00,5,1,1894
163,2,2021-07-14 00:00:00,11,5,1924
158,2,2021-08-21 00:00:00,11,3,1988
234,2,2021-09-06 00:00:00,3,1,2007
572,2,2021-09-09 00:00:00,10,3,4031
120,2,2021-09-26 00:00:00,12,1,2044
231,2,2021-10-17 00:00:00,3,4,2091
237,2,2021-10-19 00:00:00,5,2,2098
175,2,2021-11-11 00:00:00,11,1,2128
473,2,2021-11-20 00:00:00,1,4,2195
184,2,2021-11-23 00:00:00,5,6,2147
111,2,2021-12-09 00:00:00,13,4,2174
103,2,2021-12-22 00:00:00,12,1,2205
341,3,2017-03-12 00:00:00,10,5,72
261,3,2017-03-24 00:00:00,13,6,164
91,3,2017-04-14 00:00:00,7,1,104
123,3,2017-05-25 00:00:00,12,4,137
208,3,2018-01-06 00:00:00,13,6,662
99,3,2018-06-11 00:00:00,8,1,448
101,3,2018-08-02 00:00:00,12,4,502
162,3,2018-08-22 00:00:00,8,4,516
310,3,2019-05-08 00:00:00,5,2,698
390,3,2019-06-04 00:00:00,11,4,1445
163,3,2019-06-14 00:00:00,11,4,729
215,3,2019-06-23 00:00:00,5,5,739
187,3,2019-08-08 00:00:00,11,3,790
145,3,2019-08-16 00:00:00,9,4,802
138,3,2019-09-19 00:00:00,12,4,855
292,3,2019-10-16 00:00:00,5,4,893
158,3,2019-10-27 00:00:00,4,4,908
67,3,2019-10-27 00:00:00,6,4,907
110,3,2019-10-29 00:00:00,13,6,909
139,3,2019-11-03 00:00:00,13,4,915
131,3,2020-05-02 00:00:00,7,6,1128
202,3,2020-05-11 00:00:00,3,2,1144
228,3,2020-06-28 00:00:00,3,2,1231
270,3,2020-07-01 00:00:00,12,2,2477
261,3,2020-09-10 00:00:00,4,5,1366
244,3,2020-09-16 00:00:00,3,1,1371
142,3,2020-09-18 00:00:00,12,5,1374
119,3,2020-09-22 00:00:00,8,6,1383
136,3,2020-11-10 00:00:00,5,2,1463
267,3,2020-12-02 00:00:00,2,4,1507
322,3,2020-12-26 00:00:00,1,6,1557
103,3,2021-01-25 00:00:00,4,4,1604
118,3,2021-03-07 00:00:00,1,2,1679
126,3,2021-04-16 00:00:00,8,4,1754
128,3,2021-05-18 00:00:00,12,5,1812
122,3,2021-05-26 00:00:00,4,5,1831
273,3,2021-06-21 00:00:00,7,1,1874
72,3,2021-07-08 00:00:00,5,6,1907
70,3,2021-07-18 00:00:00,5,3,1932
242,3,2021-08-31 00:00:00,4,6,1999
87,3,2021-09-16 00:00:00,6,4,2027
142,3,2021-10-13 00:00:00,12,6,2078
229,3,2021-11-08 00:00:00,10,2,2122
274,3,2021-12-04 00:00:00,4,5,2162
175,3,2021-12-04 00:00:00,11,6,2212
330,3,2021-12-13 00:00:00,1,4,2181
183,4,2017-02-27 00:00:00,9,1,61
192,4,2017-09-23 00:00:00,5,3,229
94,4,2017-10-11 00:00:00,8,6,245
419,4,2017-12-28 00:00:00,2,2,317
102,4,2018-04-06 00:00:00,9,3,397
165,4,2018-09-02 00:00:00,1,3,528
341,4,2018-11-21 00:00:00,5,6,601
247,4,2019-12-13 00:00:00,10,2,957
111,4,2019-12-28 00:00:00,8,2,964
537,4,2020-02-10 00:00:00,12,2,4042
271,4,2020-02-19 00:00:00,2,2,1025
181,4,2020-07-10 00:00:00,11,5,1252
241,4,2020-12-05 00:00:00,1,2,1511
87,4,2021-03-15 00:00:00,6,1,1696
164,4,2021-09-24 00:00:00,11,4,2229
99,5,2017-04-16 00:00:00,9,2,105
252,5,2019-10-14 00:00:00,7,6,891
30,5,2020-07-09 00:00:00,13,4,1251
131,5,2020-09-22 00:00:00,8,5,1382
160,5,2020-12-06 00:00:00,7,5,1517
421,5,2021-03-21 00:00:00,1,6,1703
101,5,2021-06-21 00:00:00,9,2,1871
151,5,2021-07-14 00:00:00,11,5,1925
98,5,2021-11-20 00:00:00,9,3,2246
313,5,2021-11-27 00:00:00,10,6,2153
302,6,2017-07-24 00:00:00,2,3,177
129,6,2017-12-27 00:00:00,12,2,314
228,6,2018-04-11 00:00:00,5,3,403
142,6,2018-08-20 00:00:00,12,4,515
221,6,2020-04-10 00:00:00,7,4,1085
155,6,2020-10-27 00:00:00,8,4,1443
46,6,2021-01-25 00:00:00,13,1,1605
234,6,2021-02-04 00:00:00,7,4,1628
109,6,2021-03-03 00:00:00,12,3,1674
200,6,2021-04-27 00:00:00,11,4,1774
112,6,2021-12-04 00:00:00,12,5,2263
441,7,2017-03-19 00:00:00,2,1,76
275,7,2017-10-24 00:00:00,2,1,249
243,7,2020-04-13 00:00:00,3,2,1093
232,7,2020-06-06 00:00:00,3,3,1190
99,7,2020-10-19 00:00:00,5,5,1432
307,7,2021-03-05 00:00:00,5,6,1678
242,7,2021-05-10 00:00:00,3,5,1795
329,7,2021-09-24 00:00:00,2,2,2280
43,7,2021-10-22 00:00:00,13,4,2102
181,7,2021-11-17 00:00:00,5,5,2140
150,7,2021-12-13 00:00:00,11,6,2182
316,8,2017-01-24 00:00:00,10,2,28
100,8,2017-11-19 00:00:00,12,2,274
451,8,2019-09-22 00:00:00,1,2,860
291,8,2019-10-09 00:00:00,2,2,886
131,8,2019-10-09 00:00:00,13,2,885
161,8,2019-10-10 00:00:00,6,2,887
94,8,2020-04-28 00:00:00,9,3,1118
77,8,2020-04-30 00:00:00,13,2,1122
113,8,2020-10-09 00:00:00,9,1,1418
200,8,2021-01-11 00:00:00,9,1,1583
177,8,2021-03-22 00:00:00,1,3,1704
95,8,2021-03-31 00:00:00,7,6,1726
197,8,2021-06-23 00:00:00,9,2,1876
224,8,2021-07-02 00:00:00,10,5,1901
125,8,2021-07-13 00:00:00,9,2,1921
218,8,2021-11-20 00:00:00,3,4,2297
181,9,2020-04-17 00:00:00,5,5,1098
192,9,2020-07-25 00:00:00,11,6,1284
112,9,2021-10-22 00:00:00,5,3,2100
104,9,2021-12-04 00:00:00,13,4,2314
192,10,2017-02-03 00:00:00,11,6,36
115,10,2017-04-04 00:00:00,7,5,93
491,10,2017-08-13 00:00:00,2,6,186
376,10,2017-10-03 00:00:00,1,6,233
247,10,2017-11-14 00:00:00,3,2,270
150,10,2018-01-15 00:00:00,11,5,339
242,10,2018-02-02 00:00:00,3,2,353
104,10,2018-02-08 00:00:00,8,5,361
208,10,2018-03-14 00:00:00,10,6,379
185,10,2018-03-21 00:00:00,4,2,385
107,10,2018-05-02 00:00:00,12,2,425
79,10,2018-07-26 00:00:00,13,6,494
382,10,2018-08-05 00:00:00,1,3,503
207,10,2018-11-25 00:00:00,5,6,606
275,10,2018-12-21 00:00:00,2,6,621
183,10,2019-05-15 00:00:00,11,2,705
155,10,2019-06-07 00:00:00,11,4,724
89,10,2019-09-20 00:00:00,13,6,1713
155,10,2019-11-19 00:00:00,7,2,925
435,10,2019-12-02 00:00:00,1,6,940
106,10,2020-02-06 00:00:00,13,6,999
333,10,2020-02-17 00:00:00,10,6,1021
123,10,2020-04-27 00:00:00,12,2,1117
105,10,2020-05-11 00:00:00,9,1,1141
47,10,2020-05-20 00:00:00,13,3,1163
333,10,2020-06-30 00:00:00,5,5,1235
100,10,2020-07-07 00:00:00,4,1,1248
98,10,2020-09-16 00:00:00,13,3,1372
191,10,2020-09-18 00:00:00,11,1,1375
230,10,2020-09-28 00:00:00,3,4,1392
350,10,2020-10-04 00:00:00,10,5,1404
287,10,2020-10-09 00:00:00,5,6,1417
115,10,2020-10-15 00:00:00,7,1,1426
178,10,2020-10-23 00:00:00,11,4,1436
65,10,2020-12-09 00:00:00,13,6,1523
173,10,2020-12-19 00:00:00,9,6,1537
288,10,2021-02-09 00:00:00,10,1,1632
134,10,2021-02-12 00:00:00,9,4,1634
347,10,2021-02-21 00:00:00,10,4,1656
293,10,2021-03-02 00:00:00,7,3,1671
293,10,2021-04-07 00:00:00,2,6,1745
260,10,2021-05-18 00:00:00,7,2,1813
145,10,2021-05-25 00:00:00,1,4,1829
246,10,2021-06-21 00:00:00,7,6,1873
255,10,2021-08-16 00:00:00,7,1,1982
328,10,2021-09-13 00:00:00,1,4,2022
227,10,2021-09-18 00:00:00,4,2,2031
147,10,2021-09-24 00:00:00,8,4,2331
295,10,2021-10-12 00:00:00,2,3,2074
130,10,2021-10-12 00:00:00,12,5,2075
450,10,2021-10-14 00:00:00,2,1,2081
131,10,2021-10-23 00:00:00,9,1,2103
126,10,2021-11-28 00:00:00,7,2,2155
173,11,2017-01-09 00:00:00,7,6,7
225,11,2017-01-28 00:00:00,3,4,31
181,11,2017-02-04 00:00:00,8,2,42
121,11,2017-02-09 00:00:00,4,5,45
347,11,2017-04-11 00:00:00,1,5,98
605,11,2017-04-22 00:00:00,10,1,217
147,11,2017-11-05 00:00:00,5,3,261
130,11,2017-11-12 00:00:00,8,6,264
304,11,2017-12-30 00:00:00,10,3,319
191,11,2018-01-26 00:00:00,8,3,348
151,11,2018-02-04 00:00:00,11,6,356
128,11,2018-04-17 00:00:00,9,1,411
336,11,2018-04-21 00:00:00,5,4,415
153,11,2018-04-26 00:00:00,8,1,419
199,11,2018-06-28 00:00:00,8,2,465
226,11,2018-10-25 00:00:00,7,6,569
148,11,2018-10-31 00:00:00,8,5,580
89,11,2018-11-19 00:00:00,5,6,600
171,11,2018-11-24 00:00:00,5,1,604
133,11,2019-04-15 00:00:00,12,6,685
208,11,2020-04-23 00:00:00,3,1,1111
87,11,2020-07-02 00:00:00,6,5,1243
75,11,2020-08-18 00:00:00,7,3,1321
257,11,2020-09-09 00:00:00,12,1,2723
153,11,2020-11-22 00:00:00,9,1,1491
159,11,2020-12-09 00:00:00,4,5,1524
195,11,2021-01-20 00:00:00,11,4,1597
322,11,2021-02-11 00:00:00,10,6,1633
121,11,2021-03-26 00:00:00,12,2,1712
106,11,2021-03-30 00:00:00,13,2,1724
96,11,2021-05-08 00:00:00,5,5,1789
166,11,2021-06-16 00:00:00,11,3,1865
23,11,2021-09-16 00:00:00,13,5,2026
256,11,2021-09-17 00:00:00,7,2,2029
185,11,2021-09-22 00:00:00,9,4,2042
198,11,2021-11-13 00:00:00,4,2,2131
98,11,2021-11-26 00:00:00,7,4,2152
98,11,2021-11-26 00:00:00,13,6,2151
266,11,2021-11-30 00:00:00,7,2,2157
188,11,2021-12-06 00:00:00,1,5,2169
326,11,2021-12-11 00:00:00,10,3,2178
264,12,2017-01-03 00:00:00,10,1,4
327,12,2017-01-18 00:00:00,1,1,18
156,12,2017-03-02 00:00:00,9,6,63
190,12,2017-03-05 00:00:00,9,6,67
176,12,2017-08-25 00:00:00,7,6,193
204,12,2017-09-07 00:00:00,3,3,203
160,12,2017-09-21 00:00:00,11,6,221
230,12,2017-09-28 00:00:00,7,2,232
469,12,2017-12-28 00:00:00,2,3,316
160,12,2018-01-09 00:00:00,8,1,334
458,12,2018-02-22 00:00:00,1,1,368
355,12,2018-03-20 00:00:00,1,4,383
27,12,2018-04-04 00:00:00,13,1,396
153,12,2018-04-09 00:00:00,9,3,400
175,12,2018-05-28 00:00:00,9,5,441
89,12,2018-06-05 00:00:00,7,5,445
114,12,2018-10-16 00:00:00,8,2,565
283,12,2019-05-10 00:00:00,2,6,699
240,12,2019-06-19 00:00:00,10,5,734
301,12,2019-07-14 00:00:00,9,3,1517
103,12,2019-09-12 00:00:00,8,1,847
602,12,2019-10-17 00:00:00,13,2,7180
78,12,2019-12-13 00:00:00,6,4,956
314,12,2020-04-02 00:00:00,5,6,1069
148,12,2020-04-09 00:00:00,9,2,1081
138,12,2020-04-10 00:00:00,9,5,1084
234,12,2020-04-27 00:00:00,3,1,1116
179,12,2020-05-12 00:00:00,11,2,1147
123,12,2020-05-30 00:00:00,8,6,1178
225,12,2020-07-18 00:00:00,3,3,1272
365,12,2020-08-04 00:00:00,2,6,1300
127,12,2020-08-10 00:00:00,4,3,1307
383,12,2020-09-07 00:00:00,2,6,1355
43,12,2020-12-22 00:00:00,13,5,1543
325,12,2021-01-13 00:00:00,10,3,1585
218,12,2021-03-11 00:00:00,10,5,1689
221,12,2021-03-14 00:00:00,7,2,1694
140,12,2021-04-21 00:00:00,9,4,1763
150,12,2021-05-03 00:00:00,4,5,1784
424,12,2021-06-09 00:00:00,2,3,1849
129,12,2021-07-24 00:00:00,4,3,1940
732,12,2021-08-16 00:00:00,10,1,5937
194,12,2021-08-21 00:00:00,5,5,1989
281,12,2021-10-03 00:00:00,10,3,2056
502,12,2021-10-24 00:00:00,11,6,6318
233,12,2021-11-13 00:00:00,4,6,2132
290,12,2021-12-23 00:00:00,1,3,2207
120,13,2017-01-14 00:00:00,9,5,12
190,13,2017-01-17 00:00:00,9,5,17
206,13,2017-01-20 00:00:00,3,1,23
239,13,2017-03-27 00:00:00,3,2,85
183,13,2017-06-08 00:00:00,5,5,147
145,13,2017-07-17 00:00:00,12,3,171
152,13,2017-08-11 00:00:00,7,4,185
53,13,2017-11-28 00:00:00,5,6,282
208,13,2017-12-23 00:00:00,4,6,313
187,13,2018-01-27 00:00:00,5,6,349
293,13,2018-04-12 00:00:00,10,4,404
136,13,2018-06-13 00:00:00,12,1,449
121,13,2018-07-14 00:00:00,8,3,488
109,13,2018-07-21 00:00:00,12,5,492
137,13,2018-09-05 00:00:00,12,4,529
138,13,2018-09-21 00:00:00,12,6,547
113,13,2018-10-05 00:00:00,12,5,560
133,13,2019-01-25 00:00:00,8,2,646
199,13,2019-06-24 00:00:00,11,2,741
400,13,2019-06-25 00:00:00,2,2,742
167,13,2019-07-17 00:00:00,13,5,1525
361,13,2019-07-22 00:00:00,2,2,767
184,13,2020-04-14 00:00:00,4,2,1096
56,13,2020-05-31 00:00:00,5,2,1180
311,13,2020-06-27 00:00:00,1,1,1230
208,13,2020-07-16 00:00:00,3,6,1267
118,13,2020-07-21 00:00:00,9,5,1276
110,13,2020-08-19 00:00:00,9,5,1323
129,13,2020-08-25 00:00:00,5,4,1332
513,13,2020-08-28 00:00:00,10,2,2673
453,13,2020-09-10 00:00:00,2,3,1364
254,13,2020-10-11 00:00:00,7,6,1420
475,13,2020-11-13 00:00:00,1,2,1475
192,13,2020-12-01 00:00:00,11,6,1506
111,13,2020-12-05 00:00:00,8,4,1513
347,13,2020-12-23 00:00:00,11,2,3101
138,13,2021-02-20 00:00:00,4,4,1651
158,13,2021-04-04 00:00:00,1,1,1736
152,13,2021-04-30 00:00:00,11,5,1782
283,13,2021-06-08 00:00:00,4,6,1848
292,13,2021-07-16 00:00:00,4,3,1929
142,13,2021-09-11 00:00:00,9,2,2017
284,13,2021-09-13 00:00:00,4,4,2021
165,13,2021-10-05 00:00:00,11,3,2059
329,13,2021-10-27 00:00:00,10,2,2111
183,13,2021-11-08 00:00:00,8,4,2123
43,13,2021-12-06 00:00:00,13,3,2168
148,14,2017-01-12 00:00:00,13,4,9
137,14,2017-02-09 00:00:00,9,3,46
95,14,2017-02-16 00:00:00,13,2,57
229,14,2017-05-14 00:00:00,3,2,130
221,14,2017-06-05 00:00:00,3,5,146
190,14,2017-07-02 00:00:00,8,6,158
664,14,2017-09-23 00:00:00,10,4,453
112,14,2017-12-13 00:00:00,9,1,306
226,14,2017-12-28 00:00:00,3,4,318
268,14,2018-01-04 00:00:00,10,4,328
288,14,2018-06-05 00:00:00,1,2,444
230,14,2018-07-11 00:00:00,3,5,480
172,14,2018-08-10 00:00:00,9,2,504
162,14,2018-10-02 00:00:00,1,5,558
149,14,2018-12-25 00:00:00,5,2,628
150,14,2018-12-27 00:00:00,11,3,629
271,14,2019-04-01 00:00:00,1,2,674
340,14,2019-05-08 00:00:00,5,1,697
203,14,2019-07-05 00:00:00,3,2,747
81,14,2019-07-26 00:00:00,6,6,774
407,14,2019-08-20 00:00:00,6,1,4034
267,14,2019-09-05 00:00:00,1,6,825
224,14,2019-09-07 00:00:00,12,6,1671
82,14,2019-10-05 00:00:00,6,3,881
304,14,2020-02-04 00:00:00,10,3,998
177,14,2020-02-09 00:00:00,5,3,1007
165,14,2020-02-14 00:00:00,1,3,1016
212,14,2020-02-20 00:00:00,1,3,1027
579,14,2020-04-04 00:00:00,10,3,2147
38,14,2020-04-30 00:00:00,13,1,1120
269,14,2020-05-10 00:00:00,12,5,2279
137,14,2020-06-14 00:00:00,9,3,1205
334,14,2020-06-20 00:00:00,5,1,1221
131,14,2020-08-13 00:00:00,13,3,1310
101,14,2020-12-11 00:00:00,12,3,1527
449,14,2021-01-26 00:00:00,1,4,1606
414,14,2021-02-01 00:00:00,1,5,1620
152,14,2021-02-28 00:00:00,11,4,1667
417,14,2021-03-14 00:00:00,1,4,1692
124,14,2021-03-26 00:00:00,13,2,1711
88,14,2021-05-24 00:00:00,8,4,1825
253,14,2021-07-16 00:00:00,5,3,1930
246,14,2021-07-31 00:00:00,3,6,1952
171,14,2021-08-09 00:00:00,9,3,1968
284,14,2021-09-22 00:00:00,2,2,2041
104,14,2021-10-10 00:00:00,4,5,2072
167,14,2021-10-19 00:00:00,9,1,2096
301,15,2017-03-22 00:00:00,10,4,79
143,15,2017-05-02 00:00:00,12,6,117
193,15,2017-05-25 00:00:00,5,1,136
66,15,2017-06-22 00:00:00,13,6,154
176,15,2017-09-15 00:00:00,9,3,210
212,15,2017-12-01 00:00:00,3,5,287
57,15,2017-12-01 00:00:00,5,6,286
498,15,2017-12-20 00:00:00,1,6,311
325,15,2018-01-16 00:00:00,10,4,342
130,15,2018-02-17 00:00:00,12,3,365
253,15,2018-08-31 00:00:00,2,5,527
103,15,2018-10-11 00:00:00,13,1,562
150,15,2018-10-30 00:00:00,13,4,1148
295,15,2018-12-03 00:00:00,8,6,1229
280,15,2019-07-17 00:00:00,7,5,760
311,15,2019-07-18 00:00:00,7,6,1529
355,15,2019-08-08 00:00:00,4,5,1589
134,15,2019-09-06 00:00:00,13,1,826
220,15,2019-09-12 00:00:00,7,4,848
56,15,2019-09-23 00:00:00,13,1,862
101,15,2020-04-12 00:00:00,8,1,1091
240,15,2020-05-11 00:00:00,4,3,1145
202,15,2020-05-13 00:00:00,3,1,1150
165,15,2020-05-29 00:00:00,7,5,1177
112,15,2020-06-30 00:00:00,8,3,1232
176,15,2020-07-13 00:00:00,11,2,1259
299,15,2020-08-08 00:00:00,7,6,1305
112,15,2020-08-22 00:00:00,7,4,1329
230,15,2020-09-10 00:00:00,3,3,1367
192,15,2020-09-26 00:00:00,8,4,1389
147,15,2020-09-30 00:00:00,13,6,1396
227,15,2020-11-12 00:00:00,6,5,4419
127,15,2020-12-09 00:00:00,12,5,1526
197,15,2021-01-28 00:00:00,9,6,1610
352,15,2021-01-28 00:00:00,11,1,3223
180,15,2021-01-29 00:00:00,8,3,1617
252,15,2021-02-26 00:00:00,4,3,1666
210,15,2021-04-20 00:00:00,3,2,1762
165,15,2021-05-04 00:00:00,4,6,1785
192,15,2021-05-12 00:00:00,9,5,1799
124,15,2021-07-14 00:00:00,12,2,1922
417,15,2021-07-21 00:00:00,2,2,1935
449,15,2021-07-29 00:00:00,2,2,1947
132,15,2021-07-30 00:00:00,13,3,1949
112,15,2021-08-05 00:00:00,5,6,1960
112,15,2021-08-23 00:00:00,5,6,1992
160,15,2021-11-07 00:00:00,6,3,2120
183,15,2021-11-14 00:00:00,11,3,2136
251,15,2021-12-11 00:00:00,2,4,2177
326,16,2017-01-01 00:00:00,4,3,1
213,16,2017-01-01 00:00:00,10,6,2
136,16,2017-01-12 00:00:00,13,4,10
172,16,2017-01-23 00:00:00,11,6,26
261,16,2017-02-15 00:00:00,10,2,56
152,16,2017-03-16 00:00:00,9,5,74
184,16,2017-04-11 00:00:00,8,1,97
102,16,2017-05-05 00:00:00,9,5,121
103,16,2017-05-05 00:00:00,12,4,120
393,16,2017-05-24 00:00:00,4,1,269
160,16,2017-10-19 00:00:00,11,5,246
439,16,2017-11-05 00:00:00,1,1,260
153,16,2017-11-06 00:00:00,11,1,262
173,16,2018-03-11 00:00:00,11,3,377
103,16,2018-03-26 00:00:00,12,2,387
186,16,2018-03-27 00:00:00,11,1,390
352,16,2018-06-28 00:00:00,4,6,937
63,16,2018-07-09 00:00:00,13,3,478
452,16,2018-11-10 00:00:00,2,1,596
108,16,2019-02-26 00:00:00,9,3,658
221,16,2019-05-13 00:00:00,13,2,1405
347,16,2019-06-12 00:00:00,10,3,728
142,16,2019-07-17 00:00:00,7,5,761
129,16,2019-08-09 00:00:00,5,1,796
150,16,2019-09-30 00:00:00,11,3,877
178,16,2019-10-02 00:00:00,11,5,878
161,16,2019-11-17 00:00:00,9,3,923
273,16,2020-02-08 00:00:00,5,4,1003
194,16,2020-02-10 00:00:00,9,4,1012
133,16,2020-04-06 00:00:00,12,6,1076
127,16,2020-05-01 00:00:00,12,3,1125
118,16,2020-05-20 00:00:00,12,3,1161
500,16,2020-05-23 00:00:00,2,6,1167
194,16,2020-05-27 00:00:00,8,3,1173
139,16,2020-06-15 00:00:00,12,1,1207
417,16,2020-07-01 00:00:00,2,3,1240
193,16,2020-07-19 00:00:00,6,6,2549
455,16,2020-11-22 00:00:00,2,3,1492
204,16,2021-01-08 00:00:00,10,6,1577
130,16,2021-01-27 00:00:00,13,5,1609
275,16,2021-04-07 00:00:00,7,6,1744
100,16,2021-05-10 00:00:00,6,1,1798
292,16,2021-06-02 00:00:00,5,4,1840
98,16,2021-06-19 00:00:00,13,6,1869
274,16,2021-06-23 00:00:00,5,4,1879
236,16,2021-08-11 00:00:00,3,1,1973
212,16,2021-08-17 00:00:00,3,5,1985
125,16,2021-09-18 00:00:00,9,5,2032
197,16,2021-10-15 00:00:00,1,3,2083
127,16,2021-11-12 00:00:00,12,6,2129
345,16,2021-11-30 00:00:00,10,2,2159
147,17,2017-01-07 00:00:00,3,2,5
116,17,2017-02-11 00:00:00,9,1,49
228,17,2017-03-18 00:00:00,3,3,75
247,17,2017-06-14 00:00:00,3,3,149
80,17,2017-09-06 00:00:00,13,6,201
471,17,2017-09-24 00:00:00,2,1,230
234,17,2017-11-02 00:00:00,3,1,259
139,17,2017-11-14 00:00:00,8,2,269
188,17,2017-12-06 00:00:00,11,1,292
278,17,2018-01-03 00:00:00,5,6,326
105,17,2018-03-05 00:00:00,7,4,373
289,17,2018-03-22 00:00:00,7,5,386
211,17,2018-04-03 00:00:00,3,3,395
187,17,2018-05-26 00:00:00,8,2,439
101,17,2018-09-15 00:00:00,12,5,542
211,17,2018-10-26 00:00:00,3,3,570
169,17,2019-03-09 00:00:00,8,6,664
667,17,2019-04-14 00:00:00,11,3,2730
208,17,2019-05-07 00:00:00,3,2,694
238,17,2019-08-06 00:00:00,3,4,786
121,17,2019-08-21 00:00:00,13,1,1625
134,17,2019-11-04 00:00:00,13,5,918
170,17,2019-11-05 00:00:00,11,5,919
400,17,2019-11-26 00:00:00,2,5,934
74,17,2019-12-27 00:00:00,13,5,963
304,17,2020-04-08 00:00:00,5,1,1079
350,17,2020-04-10 00:00:00,2,1,1082
119,17,2020-04-19 00:00:00,8,2,1102
290,17,2020-05-12 00:00:00,4,5,1149
398,17,2020-06-24 00:00:00,2,2,1225
211,17,2020-08-29 00:00:00,7,1,1340
257,17,2020-09-06 00:00:00,7,6,1352
326,17,2020-10-05 00:00:00,10,4,1407
243,17,2020-11-08 00:00:00,10,4,1456
344,17,2020-11-11 00:00:00,5,5,1464
181,17,2020-12-07 00:00:00,11,2,1519
223,17,2021-01-10 00:00:00,3,1,1581
74,17,2021-01-15 00:00:00,7,1,1588
161,17,2021-02-02 00:00:00,11,6,1621
232,17,2021-02-13 00:00:00,6,4,4911
176,17,2021-02-17 00:00:00,9,5,1645
469,17,2021-02-20 00:00:00,2,2,1650
198,17,2021-03-29 00:00:00,5,6,1720
94,17,2021-04-29 00:00:00,13,4,1779
348,17,2021-06-12 00:00:00,11,3,3717
143,17,2021-06-21 00:00:00,12,2,1872
164,17,2021-07-27 00:00:00,7,4,1944
197,17,2021-08-02 00:00:00,9,1,1956
365,17,2021-09-02 00:00:00,1,3,2004
193,17,2021-09-06 00:00:00,5,3,2009
382,17,2021-09-19 00:00:00,1,1,2033
158,17,2021-10-14 00:00:00,4,4,2080
77,17,2021-10-14 00:00:00,7,1,2082
185,17,2021-10-16 00:00:00,9,5,2089
175,17,2021-11-21 00:00:00,11,3,2146
311,18,2017-05-12 00:00:00,11,6,257
394,18,2017-06-26 00:00:00,1,2,156
189,18,2017-08-18 00:00:00,11,1,189
302,18,2017-09-14 00:00:00,5,6,209
85,18,2017-11-27 00:00:00,7,1,281
186,18,2017-12-10 00:00:00,9,1,299
157,18,2017-12-18 00:00:00,9,4,309
402,18,2018-01-02 00:00:00,2,5,325
210,18,2018-01-10 00:00:00,1,3,336
164,18,2018-01-18 00:00:00,5,5,343
306,18,2018-04-07 00:00:00,10,3,398
285,18,2018-04-08 00:00:00,5,3,399
306,18,2018-04-19 00:00:00,5,5,413
116,18,2018-05-28 00:00:00,8,2,442
1270,18,2018-06-28 00:00:00,1,3,1867
276,18,2018-10-24 00:00:00,10,6,568
301,18,2019-01-15 00:00:00,10,4,641
166,18,2019-04-09 00:00:00,11,6,680
151,18,2019-06-24 00:00:00,9,1,740
190,18,2019-10-07 00:00:00,11,4,883
478,18,2019-10-21 00:00:00,3,3,1811
325,18,2019-10-29 00:00:00,2,2,910
404,18,2020-05-05 00:00:00,1,2,1135
45,18,2020-05-24 00:00:00,13,1,1169
256,18,2020-08-15 00:00:00,4,1,1313
250,18,2020-08-27 00:00:00,3,4,1333
197,18,2020-08-28 00:00:00,11,1,1338
304,18,2020-09-08 00:00:00,5,2,1360
209,18,2020-12-14 00:00:00,3,1,1531
261,18,2020-12-18 00:00:00,10,1,1535
102,18,2020-12-26 00:00:00,7,5,1556
149,18,2021-01-17 00:00:00,8,4,1590
213,18,2021-03-13 00:00:00,10,2,1691
178,18,2021-03-26 00:00:00,11,2,1710
169,18,2021-05-14 00:00:00,9,4,1801
112,18,2021-06-30 00:00:00,9,1,1897
122,18,2021-06-30 00:00:00,13,4,1895
252,18,2021-07-10 00:00:00,6,3,5733
244,18,2021-08-11 00:00:00,3,2,1972
171,18,2021-08-11 00:00:00,9,6,1974
86,18,2021-08-22 00:00:00,13,1,1990
348,18,2021-10-04 00:00:00,11,4,4115
304,18,2021-10-05 00:00:00,1,3,2060
159,18,2021-10-15 00:00:00,6,1,4169
442,18,2021-10-22 00:00:00,2,3,2099
251,18,2021-11-16 00:00:00,10,5,2139
386,19,2017-01-19 00:00:00,1,1,22
169,19,2017-01-19 00:00:00,8,4,19
155,19,2017-01-19 00:00:00,8,6,20
111,19,2017-01-19 00:00:00,12,1,21
347,19,2017-01-22 00:00:00,2,1,25
51,19,2017-02-14 00:00:00,5,4,53
237,19,2017-02-20 00:00:00,3,6,59
284,19,2017-04-08 00:00:00,1,1,94
574,19,2017-05-06 00:00:00,4,2,369
350,19,2017-11-11 00:00:00,10,3,263
283,19,2017-11-13 00:00:00,10,6,265
129,19,2018-01-15 00:00:00,9,6,341
300,19,2018-09-16 00:00:00,5,1,543
114,19,2018-11-16 00:00:00,12,1,598
70,19,2019-04-29 00:00:00,7,1,688
248,19,2019-05-15 00:00:00,3,1,706
190,19,2019-09-01 00:00:00,11,3,822
183,19,2019-09-09 00:00:00,8,1,839
173,19,2019-09-11 00:00:00,9,3,846
382,19,2019-09-24 00:00:00,1,3,864
196,19,2020-05-19 00:00:00,7,3,1159
143,19,2020-06-23 00:00:00,4,3,1222
160,19,2020-07-10 00:00:00,11,6,1253
154,19,2020-08-30 00:00:00,11,2,1342
268,19,2020-09-19 00:00:00,10,3,1376
175,19,2020-10-04 00:00:00,11,1,1403
183,19,2020-11-11 00:00:00,6,5,2937
298,19,2020-11-18 00:00:00,10,1,1481
254,19,2021-01-02 00:00:00,4,6,1563
136,19,2021-01-14 00:00:00,12,3,1587
350,19,2021-02-15 00:00:00,10,5,1642
138,19,2021-03-16 00:00:00,8,5,1699
398,19,2021-03-27 00:00:00,1,2,1717
169,19,2021-03-31 00:00:00,8,1,1727
127,19,2021-04-05 00:00:00,9,3,1739
156,19,2021-05-10 00:00:00,11,2,1793
166,19,2021-05-18 00:00:00,7,3,1815
216,19,2021-05-31 00:00:00,5,4,1837
213,19,2021-06-13 00:00:00,5,1,1862
192,19,2021-07-09 00:00:00,1,1,1908
227,19,2021-07-26 00:00:00,3,2,1943
152,19,2021-08-16 00:00:00,8,2,1981
123,19,2021-08-27 00:00:00,12,3,1995
123,19,2021-10-14 00:00:00,13,4,2079
70,20,2017-01-02 00:00:00,5,4,3
117,20,2017-01-24 00:00:00,9,2,27
115,20,2017-03-24 00:00:00,4,5,82
260,20,2017-04-21 00:00:00,7,3,107
184,20,2017-05-31 00:00:00,5,6,143
79,20,2017-07-14 00:00:00,13,1,166
323,20,2017-10-11 00:00:00,10,3,242
187,20,2017-12-08 00:00:00,11,5,294
100,20,2018-01-10 00:00:00,9,1,335
166,20,2018-01-19 00:00:00,9,4,344
204,20,2018-03-26 00:00:00,3,4,388
93,20,2018-06-26 00:00:00,7,5,459
189,20,2018-07-11 00:00:00,13,2,965
172,20,2018-08-12 00:00:00,9,6,507
162,20,2018-09-25 00:00:00,11,6,551
970,20,2019-05-27 00:00:00,4,3,2858
69,20,2019-07-30 00:00:00,13,6,778
145,20,2019-10-15 00:00:00,4,2,892
101,20,2019-11-03 00:00:00,8,2,916
175,20,2019-12-01 00:00:00,8,2,939
235,20,2019-12-11 00:00:00,7,2,953
223,20,2020-01-01 00:00:00,3,6,968
107,20,2020-01-01 00:00:00,12,6,969
104,20,2020-01-24 00:00:00,12,6,989
152,20,2020-01-25 00:00:00,8,6,991
161,20,2020-03-09 00:00:00,8,6,1052
154,20,2020-03-11 00:00:00,8,6,1055
164,20,2020-03-11 00:00:00,11,6,1053
119,20,2020-03-26 00:00:00,12,6,1064
124,20,2020-04-26 00:00:00,13,2,1114
214,20,2020-05-20 00:00:00,3,5,1162
149,20,2020-05-20 00:00:00,13,5,1160
474,20,2020-06-07 00:00:00,2,1,1193
142,20,2020-08-01 00:00:00,5,6,1291
142,20,2020-08-04 00:00:00,9,3,1299
240,20,2020-08-28 00:00:00,3,3,1335
67,20,2020-10-15 00:00:00,13,1,1427
88,20,2020-11-08 00:00:00,8,3,1458
168,20,2020-11-21 00:00:00,5,1,1490
482,20,2020-11-29 00:00:00,1,4,1504
176,20,2020-12-03 00:00:00,6,2,3017
271,20,2020-12-26 00:00:00,7,6,1558
227,20,2021-01-28 00:00:00,7,4,1614
42,20,2021-02-04 00:00:00,13,1,1629
100,20,2021-03-27 00:00:00,8,6,1716
120,20,2021-05-14 00:00:00,9,3,1802
220,20,2021-05-15 00:00:00,3,2,1807
219,20,2021-07-08 00:00:00,7,6,1906
398,20,2021-07-14 00:00:00,2,6,1923
216,20,2021-08-07 00:00:00,3,5,1965
169,20,2021-08-07 00:00:00,6,2,3925
426,20,2021-08-15 00:00:00,2,5,1977
20,20,2021-09-08 00:00:00,13,4,2014
167,20,2021-12-09 00:00:00,11,2,2175
135,20,2021-12-10 00:00:00,5,4,2176
124,21,2017-02-04 00:00:00,12,5,40
84,21,2017-09-05 00:00:00,8,2,199
272,21,2017-10-06 00:00:00,2,1,237
207,21,2017-10-25 00:00:00,7,5,250
409,21,2018-04-29 00:00:00,2,5,422
242,21,2018-07-10 00:00:00,7,4,479
144,21,2018-07-20 00:00:00,8,5,491
304,21,2018-08-19 00:00:00,2,6,513
164,21,2018-09-08 00:00:00,9,4,532
79,21,2018-10-08 00:00:00,13,5,561
179,21,2019-03-06 00:00:00,11,6,662
129,21,2019-04-25 00:00:00,12,5,687
181,21,2019-05-03 00:00:00,11,4,690
150,21,2019-05-06 00:00:00,12,6,691
389,21,2019-06-17 00:00:00,4,4,1463
450,21,2019-07-28 00:00:00,4,1,1551
189,21,2019-08-08 00:00:00,11,4,791
320,21,2019-08-27 00:00:00,7,2,1633
136,21,2019-09-12 00:00:00,6,5,1699
482,21,2019-09-28 00:00:00,6,1,5241
165,21,2019-10-19 00:00:00,11,5,902
119,21,2020-04-13 00:00:00,9,6,1094
243,21,2020-04-20 00:00:00,6,5,3318
241,21,2020-05-14 00:00:00,3,5,1155
491,21,2020-07-05 00:00:00,1,6,1245
104,21,2020-07-06 00:00:00,7,2,1246
198,21,2020-07-08 00:00:00,7,6,1250
245,21,2020-08-03 00:00:00,7,5,1297
97,21,2020-09-26 00:00:00,13,3,1390
244,21,2020-10-02 00:00:00,4,6,1399
365,21,2020-10-06 00:00:00,1,6,1411
140,21,2020-10-08 00:00:00,5,1,1415
124,21,2020-10-18 00:00:00,12,5,1430
115,21,2020-10-26 00:00:00,13,4,1441
477,21,2020-12-23 00:00:00,2,5,1547
150,21,2021-01-02 00:00:00,11,3,1564
121,21,2021-01-18 00:00:00,12,3,1591
149,21,2021-01-25 00:00:00,9,4,1603
113,21,2021-01-26 00:00:00,12,5,1607
263,21,2021-02-25 00:00:00,6,5,4992
474,21,2021-03-26 00:00:00,2,5,1713
82,21,2021-04-03 00:00:00,8,4,1734
60,21,2021-04-19 00:00:00,13,6,1758
167,21,2021-04-25 00:00:00,11,6,1770
215,21,2021-05-27 00:00:00,3,1,1832
92,21,2021-06-03 00:00:00,8,6,1842
137,21,2021-06-13 00:00:00,5,1,1863
285,21,2021-08-09 00:00:00,4,3,1969
86,21,2021-08-20 00:00:00,13,3,1987
22,21,2021-09-14 00:00:00,13,6,2024
196,21,2021-10-26 00:00:00,7,1,2110
157,21,2021-12-26 00:00:00,11,5,2212
228,22,2017-01-13 00:00:00,3,1,11
105,22,2017-03-20 00:00:00,13,6,78
264,22,2017-05-12 00:00:00,12,4,253
172,22,2017-06-04 00:00:00,11,5,145
118,22,2017-10-30 00:00:00,8,6,257
310,22,2017-12-14 00:00:00,1,1,307
136,22,2018-06-27 00:00:00,9,3,463
188,22,2018-08-19 00:00:00,8,5,511
336,22,2018-08-19 00:00:00,10,1,512
364,22,2018-08-28 00:00:00,2,5,525
126,22,2019-03-16 00:00:00,9,1,668
104,22,2019-04-05 00:00:00,12,1,676
251,22,2019-07-11 00:00:00,6,3,2256
449,22,2019-08-09 00:00:00,2,4,797
252,22,2019-09-23 00:00:00,10,2,863
225,22,2019-10-10 00:00:00,3,2,888
278,22,2019-12-29 00:00:00,8,1,1933
200,22,2020-05-04 00:00:00,4,3,1131
216,22,2020-05-06 00:00:00,3,2,1138
207,22,2020-07-17 00:00:00,3,6,1270
203,22,2020-07-22 00:00:00,5,6,1278
236,22,2020-07-29 00:00:00,3,6,1286
253,22,2020-08-02 00:00:00,7,6,1293
330,22,2020-08-16 00:00:00,10,2,1316
262,22,2020-09-04 00:00:00,5,1,1348
232,22,2020-10-06 00:00:00,3,1,1410
243,22,2020-10-27 00:00:00,3,3,1442
196,22,2020-11-10 00:00:00,4,5,1461
283,22,2020-11-20 00:00:00,2,3,1488
143,22,2020-11-25 00:00:00,8,6,1498
245,22,2021-01-06 00:00:00,10,6,1570
249,22,2021-02-03 00:00:00,3,3,1626
298,22,2021-02-21 00:00:00,4,3,1654
243,22,2021-04-25 00:00:00,12,5,3545
271,22,2021-04-27 00:00:00,5,4,1775
136,22,2021-05-10 00:00:00,9,5,1797
291,22,2021-05-16 00:00:00,10,6,1810
88,22,2021-06-27 00:00:00,6,3,1888
214,22,2021-07-10 00:00:00,3,1,1914
337,22,2021-07-19 00:00:00,10,3,1933
176,22,2021-07-23 00:00:00,11,6,1939
137,22,2021-08-17 00:00:00,7,4,1983
163,22,2021-08-17 00:00:00,11,5,1984
207,22,2021-10-08 00:00:00,3,1,2069
274,23,2017-02-08 00:00:00,10,5,44
238,23,2017-03-06 00:00:00,3,4,69
143,23,2017-04-12 00:00:00,12,6,100
153,23,2017-07-26 00:00:00,9,3,179
112,23,2017-11-29 00:00:00,12,5,283
431,23,2018-02-14 00:00:00,2,3,363
169,23,2018-03-10 00:00:00,4,2,376
131,23,2018-05-19 00:00:00,7,3,435
149,23,2018-06-28 00:00:00,9,3,471
147,23,2018-07-11 00:00:00,1,3,483
278,23,2018-11-07 00:00:00,10,1,595
182,23,2018-11-12 00:00:00,8,4,597
443,23,2018-11-28 00:00:00,2,5,608
255,23,2019-01-07 00:00:00,1,6,1271
153,23,2019-02-27 00:00:00,8,1,659
368,23,2019-05-06 00:00:00,1,4,1385
180,23,2019-08-13 00:00:00,7,1,801
182,23,2019-09-06 00:00:00,11,4,831
263,23,2019-09-28 00:00:00,10,4,870
108,23,2019-11-21 00:00:00,12,2,927
124,23,2019-11-24 00:00:00,5,2,928
150,23,2019-12-02 00:00:00,11,2,941
644,23,2020-02-16 00:00:00,10,6,2037
816,23,2020-02-26 00:00:00,1,6,2065
254,23,2020-03-11 00:00:00,1,6,1054
263,23,2020-03-13 00:00:00,12,6,2117
102,23,2020-05-06 00:00:00,9,3,1137
105,23,2020-05-16 00:00:00,12,5,1158
109,23,2020-07-22 00:00:00,8,4,1279
309,23,2020-07-22 00:00:00,10,1,1281
172,23,2020-08-13 00:00:00,4,2,1309
144,23,2020-09-07 00:00:00,12,4,1356
78,23,2020-11-29 00:00:00,5,4,1502
156,23,2020-12-28 00:00:00,11,4,1561
117,23,2021-01-08 00:00:00,7,6,1578
280,23,2021-02-02 00:00:00,4,4,1622
146,23,2021-02-05 00:00:00,12,4,1630
80,23,2021-02-19 00:00:00,6,3,1649
142,23,2021-03-12 00:00:00,9,5,1690
121,23,2021-03-16 00:00:00,5,6,1697
291,23,2021-03-29 00:00:00,5,5,1722
164,23,2021-06-12 00:00:00,6,6,3721
101,23,2021-06-18 00:00:00,12,4,1868
168,23,2021-08-08 00:00:00,9,6,1967
132,23,2021-09-08 00:00:00,4,1,2012
247,23,2021-10-02 00:00:00,7,5,2053
222,23,2021-10-09 00:00:00,3,6,2071
201,24,2017-02-13 00:00:00,5,3,52
208,24,2017-07-17 00:00:00,3,5,170
218,24,2017-09-19 00:00:00,5,4,218
189,24,2017-10-10 00:00:00,7,3,241
205,24,2017-10-29 00:00:00,3,3,256
149,24,2017-10-29 00:00:00,8,3,254
381,24,2017-12-03 00:00:00,1,2,290
101,24,2018-03-07 00:00:00,12,6,374
94,24,2018-05-13 00:00:00,13,4,430
152,24,2018-05-27 00:00:00,9,6,440
293,24,2018-07-12 00:00:00,1,5,486
302,24,2018-12-30 00:00:00,1,6,633
371,24,2019-02-02 00:00:00,2,6,649
250,24,2019-04-03 00:00:00,2,5,675
136,24,2019-05-25 00:00:00,12,2,710
241,24,2019-07-18 00:00:00,3,2,766
111,24,2019-07-25 00:00:00,12,1,772
227,24,2019-09-25 00:00:00,3,5,865
319,24,2019-11-03 00:00:00,5,5,917
122,24,2019-11-16 00:00:00,12,5,922
426,24,2019-12-09 00:00:00,2,5,946
173,24,2019-12-24 00:00:00,11,5,961
409,24,2020-04-18 00:00:00,1,6,1100
316,24,2020-04-23 00:00:00,1,4,1112
106,24,2020-05-05 00:00:00,5,6,1133
167,24,2020-07-06 00:00:00,1,2,1247
121,24,2020-10-07 00:00:00,7,3,1413
250,24,2020-11-16 00:00:00,12,3,2957
347,24,2020-11-24 00:00:00,11,4,2991
190,24,2020-12-01 00:00:00,8,5,1505
198,24,2021-01-26 00:00:00,1,4,1608
137,24,2021-03-05 00:00:00,9,3,1677
208,24,2021-03-14 00:00:00,3,3,1693
224,24,2021-04-13 00:00:00,7,4,1751
121,24,2021-05-10 00:00:00,9,6,1796
69,24,2021-06-02 00:00:00,13,6,1841
267,24,2021-06-11 00:00:00,6,6,5568
178,24,2021-09-08 00:00:00,9,4,2013
225,24,2021-12-07 00:00:00,3,1,2170
269,24,2021-12-14 00:00:00,4,5,2183
331,24,2021-12-24 00:00:00,10,6,2208
185,25,2017-03-25 00:00:00,8,5,84
96,25,2017-04-03 00:00:00,9,4,91
162,25,2017-08-19 00:00:00,5,2,191
191,25,2017-10-09 00:00:00,11,4,239
197,25,2018-04-20 00:00:00,11,4,414
149,25,2018-06-30 00:00:00,9,3,472
197,25,2018-07-31 00:00:00,11,5,501
277,25,2018-09-27 00:00:00,5,1,552
118,25,2018-10-19 00:00:00,12,1,566
267,25,2019-07-23 00:00:00,5,2,768
401,25,2019-09-10 00:00:00,7,4,1685
164,25,2020-04-08 00:00:00,1,1,1078
232,25,2020-04-13 00:00:00,5,2,1092
194,25,2020-04-16 00:00:00,11,5,1097
158,25,2020-05-14 00:00:00,11,6,1154
93,25,2020-06-24 00:00:00,13,1,1226
234,25,2020-08-22 00:00:00,5,2,1328
448,25,2020-09-29 00:00:00,1,1,1394
197,25,2020-11-11 00:00:00,4,5,1470
106,25,2020-11-21 00:00:00,5,6,1489
279,25,2021-01-18 00:00:00,4,1,1593
188,25,2021-04-07 00:00:00,11,3,1746
75,25,2021-05-22 00:00:00,5,1,1820
173,25,2021-05-22 00:00:00,8,1,1819
222,25,2021-05-23 00:00:00,1,1,1823
153,25,2021-05-24 00:00:00,7,5,1826
148,25,2021-05-31 00:00:00,9,1,1836
119,25,2021-06-01 00:00:00,8,4,1839
33,25,2021-06-10 00:00:00,13,1,1851
240,25,2021-09-21 00:00:00,1,3,2037
504,25,2021-12-30 00:00:00,5,6,6657
401,26,2017-01-27 00:00:00,1,1,29
213,26,2017-01-28 00:00:00,3,6,30
141,26,2017-07-11 00:00:00,9,5,162
221,26,2017-08-25 00:00:00,12,1,389
232,26,2017-10-04 00:00:00,1,1,235
181,26,2018-02-01 00:00:00,8,3,352
324,26,2018-03-03 00:00:00,5,1,372
239,26,2018-07-11 00:00:00,3,3,485
168,26,2018-07-18 00:00:00,11,6,489
194,26,2018-07-29 00:00:00,9,6,498
296,26,2018-08-11 00:00:00,4,4,506
181,26,2018-10-27 00:00:00,4,2,571
239,26,2018-12-02 00:00:00,6,6,1833
331,26,2019-02-15 00:00:00,10,5,653
112,26,2019-05-29 00:00:00,12,6,718
127,26,2019-05-30 00:00:00,12,4,719
25,26,2019-06-11 00:00:00,13,6,726
247,26,2019-06-21 00:00:00,3,6,736
324,26,2019-08-06 00:00:00,10,6,787
342,26,2019-08-20 00:00:00,5,4,1615
161,26,2020-05-27 00:00:00,5,2,1174
107,26,2020-06-01 00:00:00,4,4,1181
108,26,2020-06-09 00:00:00,9,6,1195
232,26,2020-06-13 00:00:00,3,2,1201
239,26,2020-06-16 00:00:00,6,4,3630
320,26,2020-07-15 00:00:00,1,5,1262
149,26,2020-08-03 00:00:00,7,2,1295
90,26,2020-08-07 00:00:00,8,6,1304
327,26,2020-09-25 00:00:00,11,1,2775
257,26,2020-10-05 00:00:00,10,2,1405
127,26,2020-10-16 00:00:00,12,4,1428
139,26,2020-11-26 00:00:00,4,1,1500
170,26,2020-12-25 00:00:00,9,6,1553
170,26,2020-12-27 00:00:00,6,2,3119
147,26,2021-01-22 00:00:00,13,1,1602
100,26,2021-04-04 00:00:00,12,2,1735
205,26,2021-07-09 00:00:00,5,3,1909
267,26,2021-07-23 00:00:00,4,4,1936
283,26,2021-07-30 00:00:00,4,3,1950
217,26,2021-09-07 00:00:00,1,4,2010
325,26,2021-10-09 00:00:00,2,2,2070
228,26,2021-10-28 00:00:00,5,6,2114
380,26,2021-12-05 00:00:00,12,3,6495
147,26,2021-12-08 00:00:00,8,1,2171
289,27,2017-02-11 00:00:00,2,1,47
354,27,2017-04-13 00:00:00,2,6,101
90,27,2017-09-08 00:00:00,8,2,206
35,27,2017-09-16 00:00:00,13,6,211
119,27,2017-09-28 00:00:00,13,5,231
226,27,2017-10-27 00:00:00,3,6,252
135,27,2017-12-12 00:00:00,5,1,304
189,27,2017-12-12 00:00:00,9,3,303
114,27,2018-04-13 00:00:00,7,1,406
279,27,2018-05-14 00:00:00,10,4,432
131,27,2018-05-18 00:00:00,8,5,434
169,27,2018-08-20 00:00:00,11,6,514
666,27,2018-08-27 00:00:00,13,1,4164
342,27,2018-10-04 00:00:00,2,4,559
183,27,2019-02-04 00:00:00,1,1,650
172,27,2019-05-29 00:00:00,11,6,717
355,27,2019-08-04 00:00:00,1,5,783
366,27,2019-10-31 00:00:00,2,2,914
88,27,2020-06-20 00:00:00,13,1,1219
94,27,2020-07-25 00:00:00,13,5,1282
293,27,2020-08-29 00:00:00,10,3,1341
111,27,2020-09-01 00:00:00,12,5,1344
81,27,2020-09-22 00:00:00,13,6,1381
437,27,2020-10-19 00:00:00,1,3,1431
174,27,2020-10-26 00:00:00,11,5,1438
286,27,2020-12-19 00:00:00,2,4,1538
150,27,2021-02-03 00:00:00,4,1,1625
460,27,2021-03-09 00:00:00,2,1,1682
368,27,2021-04-02 00:00:00,11,5,3461
232,27,2021-04-12 00:00:00,3,6,1750
262,27,2021-05-14 00:00:00,6,4,5415
500,27,2021-05-24 00:00:00,1,5,1827
153,27,2021-06-21 00:00:00,11,1,1875
297,27,2021-06-26 00:00:00,7,6,1882
383,27,2021-06-26 00:00:00,12,1,5655
188,27,2021-06-29 00:00:00,8,6,1892
164,27,2021-09-06 00:00:00,9,4,2008
298,27,2021-10-16 00:00:00,2,6,2087
217,27,2021-10-16 00:00:00,3,5,2088
114,27,2021-10-19 00:00:00,12,3,2097
129,27,2021-11-19 00:00:00,7,3,2143
298,28,2017-02-01 00:00:00,2,6,33
51,28,2017-02-02 00:00:00,5,2,35
220,28,2017-07-27 00:00:00,3,5,180
109,28,2017-08-02 00:00:00,13,2,181
151,28,2017-09-07 00:00:00,8,5,202
94,28,2017-09-20 00:00:00,8,4,220
145,28,2017-12-11 00:00:00,12,5,300
381,28,2018-01-09 00:00:00,1,6,333
443,28,2018-05-19 00:00:00,1,2,436
282,28,2018-07-02 00:00:00,13,6,1898
236,28,2018-07-19 00:00:00,3,2,490
159,28,2018-07-30 00:00:00,4,1,500
53,28,2018-09-15 00:00:00,13,3,541
485,28,2018-11-05 00:00:00,2,4,593
104,28,2019-02-01 00:00:00,8,1,648
215,28,2019-02-07 00:00:00,7,2,651
169,28,2019-02-18 00:00:00,9,1,655
164,28,2019-06-30 00:00:00,11,6,743
236,28,2019-09-27 00:00:00,3,1,869
455,28,2019-12-04 00:00:00,1,6,1889
196,28,2020-05-02 00:00:00,11,5,1127
154,28,2020-06-04 00:00:00,1,1,1185
170,28,2020-06-20 00:00:00,11,2,1220
462,28,2020-07-02 00:00:00,1,5,1241
439,28,2020-07-31 00:00:00,1,1,1290
224,28,2020-08-04 00:00:00,3,6,1298
86,28,2020-08-16 00:00:00,5,6,1315
262,28,2020-09-27 00:00:00,1,4,1391
314,28,2020-10-13 00:00:00,5,4,1424
100,28,2020-11-10 00:00:00,9,5,1460
133,28,2020-11-19 00:00:00,4,1,1484
202,28,2020-11-23 00:00:00,3,3,1494
334,28,2020-12-12 00:00:00,10,3,1529
50,28,2020-12-20 00:00:00,13,3,1539
243,28,2020-12-25 00:00:00,7,6,1552
179,28,2021-01-19 00:00:00,11,4,1596
82,28,2021-01-21 00:00:00,13,3,1600
215,28,2021-03-07 00:00:00,3,2,1680
245,28,2021-03-09 00:00:00,6,2,5052
288,28,2021-03-11 00:00:00,5,4,1687
102,28,2021-03-25 00:00:00,12,3,1709
107,28,2021-03-29 00:00:00,12,5,1719
179,28,2021-04-23 00:00:00,11,6,1765
167,28,2021-05-25 00:00:00,11,4,1828
140,28,2021-06-10 00:00:00,8,6,1852
135,28,2021-06-18 00:00:00,12,3,1867
147,28,2021-08-10 00:00:00,9,2,1970
132,28,2021-08-10 00:00:00,13,1,1971
220,28,2021-08-19 00:00:00,5,3,1986
240,28,2021-08-29 00:00:00,3,4,1996
495,28,2021-09-11 00:00:00,1,5,2019
116,28,2021-09-20 00:00:00,5,2,2036
226,28,2021-09-26 00:00:00,5,5,2045
130,28,2021-09-30 00:00:00,12,3,2050
238,28,2021-10-22 00:00:00,7,2,2101
250,29,2017-02-01 00:00:00,5,6,34
235,29,2017-02-04 00:00:00,5,4,39
198,29,2017-03-05 00:00:00,5,6,66
283,29,2017-07-17 00:00:00,10,6,169
110,29,2017-11-16 00:00:00,5,2,271
143,29,2017-11-29 00:00:00,12,2,284
113,29,2017-12-03 00:00:00,9,3,289
143,29,2018-04-18 00:00:00,7,3,412
118,29,2018-09-25 00:00:00,12,4,550
246,29,2018-10-29 00:00:00,7,2,572
213,29,2018-11-17 00:00:00,3,2,599
179,29,2018-12-01 00:00:00,11,2,609
338,29,2018-12-06 00:00:00,5,6,617
493,29,2018-12-30 00:00:00,10,4,1263
231,29,2019-02-28 00:00:00,10,1,660
143,29,2019-03-30 00:00:00,13,1,671
368,29,2019-03-31 00:00:00,2,2,673
187,29,2019-05-03 00:00:00,11,3,689
115,29,2019-07-05 00:00:00,13,1,1491
159,29,2019-07-13 00:00:00,6,2,1511
1232,29,2019-07-25 00:00:00,1,6,2310
184,29,2019-09-05 00:00:00,8,1,824
108,29,2019-11-08 00:00:00,8,1,921
108,29,2019-11-25 00:00:00,8,2,932
440,29,2019-11-29 00:00:00,4,1,1871
297,29,2019-12-12 00:00:00,2,2,955
272,29,2020-01-05 00:00:00,4,4,975
188,29,2020-01-07 00:00:00,5,4,977
147,29,2020-01-07 00:00:00,9,4,976
163,29,2020-01-20 00:00:00,8,4,987
209,29,2020-01-25 00:00:00,3,4,992
147,29,2020-03-08 00:00:00,12,4,1051
193,29,2020-04-20 00:00:00,9,5,1104
790,29,2020-04-20 00:00:00,10,2,3327
272,29,2020-07-16 00:00:00,7,6,1266
221,29,2020-08-06 00:00:00,3,2,1303
161,29,2020-08-20 00:00:00,11,5,1324
223,29,2020-08-24 00:00:00,3,1,1331
355,29,2020-09-22 00:00:00,12,6,4137
188,29,2020-09-23 00:00:00,9,1,1384
90,29,2020-10-25 00:00:00,6,6,1437
259,29,2020-11-20 00:00:00,7,6,1486
285,29,2021-01-03 00:00:00,1,3,1566
329,29,2021-01-08 00:00:00,12,6,4722
120,29,2021-01-21 00:00:00,8,1,1599
271,29,2021-02-13 00:00:00,5,4,1635
120,29,2021-02-28 00:00:00,13,3,1668
113,29,2021-05-04 00:00:00,4,2,1786
119,29,2021-05-24 00:00:00,13,6,1824
242,29,2021-06-03 00:00:00,3,3,1844
278,29,2021-06-15 00:00:00,7,4,1864
191,29,2021-07-06 00:00:00,9,2,1905
228,29,2021-10-17 00:00:00,10,6,2093
236,29,2021-11-26 00:00:00,4,6,2150
266,30,2017-02-07 00:00:00,1,1,43
231,30,2017-02-11 00:00:00,5,5,48
281,30,2017-02-14 00:00:00,7,3,54
227,30,2017-03-03 00:00:00,3,3,64
96,30,2017-05-30 00:00:00,13,2,142
198,30,2017-08-19 00:00:00,11,6,190
199,30,2017-09-08 00:00:00,8,1,204
292,30,2017-10-22 00:00:00,5,1,247
288,30,2018-05-24 00:00:00,10,4,437
247,30,2018-06-02 00:00:00,7,6,443
221,30,2018-06-10 00:00:00,10,4,447
400,30,2018-07-30 00:00:00,2,5,499
480,30,2018-08-12 00:00:00,1,5,508
298,30,2018-09-11 00:00:00,10,4,538
194,30,2018-09-21 00:00:00,8,4,548
232,30,2018-12-06 00:00:00,3,1,616
100,30,2019-06-11 00:00:00,12,6,727
281,30,2019-12-03 00:00:00,10,6,943
130,30,2020-01-09 00:00:00,12,4,980
403,30,2020-01-17 00:00:00,2,4,984
321,30,2020-01-19 00:00:00,10,4,986
140,30,2020-01-26 00:00:00,13,4,993
205,30,2020-01-29 00:00:00,3,4,994
64,30,2020-03-13 00:00:00,13,4,1057
218,30,2020-04-06 00:00:00,3,1,1075
356,30,2020-05-04 00:00:00,1,4,1132
128,30,2020-05-12 00:00:00,13,6,1146
216,30,2020-05-15 00:00:00,3,1,1156
485,30,2020-05-25 00:00:00,2,2,1171
121,30,2020-10-05 00:00:00,8,1,1406
124,30,2020-10-13 00:00:00,4,1,1423
298,30,2020-10-31 00:00:00,4,5,1446
136,30,2020-12-06 00:00:00,5,4,1515
192,30,2020-12-22 00:00:00,11,1,1541
147,30,2021-02-15 00:00:00,7,3,1643
80,30,2021-02-28 00:00:00,8,3,1669
241,30,2021-03-23 00:00:00,10,5,1706
369,30,2021-04-05 00:00:00,11,1,3481
271,30,2021-04-29 00:00:00,4,6,1777
237,30,2021-06-06 00:00:00,3,4,1846
150,30,2021-06-30 00:00:00,13,3,1896
323,30,2021-07-03 00:00:00,1,6,1903
117,30,2021-07-23 00:00:00,8,6,1938
80,30,2021-10-08 00:00:00,8,3,2067
73,30,2021-10-08 00:00:00,13,2,2068
124,31,2017-02-03 00:00:00,12,5,37
104,31,2017-03-11 00:00:00,8,4,71
139,31,2017-04-27 00:00:00,12,2,111
117,31,2017-05-28 00:00:00,5,4,140
225,31,2017-06-17 00:00:00,3,6,150
224,31,2017-09-11 00:00:00,3,4,207
177,31,2017-11-22 00:00:00,11,4,277
139,31,2018-01-12 00:00:00,9,6,338
175,31,2018-01-22 00:00:00,11,3,345
153,31,2018-02-01 00:00:00,11,5,351
173,31,2018-04-14 00:00:00,9,3,408
196,31,2018-04-28 00:00:00,11,1,420
303,31,2018-04-29 00:00:00,1,5,423
198,31,2018-05-25 00:00:00,11,1,438
379,31,2018-06-15 00:00:00,2,2,454
313,31,2018-06-26 00:00:00,5,4,460
223,31,2018-07-21 00:00:00,3,5,493
281,31,2018-09-10 00:00:00,10,6,537
169,31,2018-09-19 00:00:00,5,3,546
129,31,2018-10-31 00:00:00,12,6,579
233,31,2019-03-30 00:00:00,3,3,672
147,31,2019-06-15 00:00:00,12,1,730
149,31,2019-07-13 00:00:00,9,1,757
343,31,2019-08-06 00:00:00,10,1,785
140,31,2019-09-27 00:00:00,12,3,866
176,31,2019-12-29 00:00:00,8,3,965
200,31,2020-04-10 00:00:00,3,3,1083
107,31,2020-06-05 00:00:00,5,6,1188
555,31,2020-06-19 00:00:00,11,3,3645
246,31,2020-09-02 00:00:00,5,1,1347
172,31,2020-10-02 00:00:00,4,5,1400
249,31,2020-11-06 00:00:00,3,3,1453
111,31,2020-11-29 00:00:00,12,2,1503
269,31,2021-02-03 00:00:00,1,4,1623
209,31,2021-02-19 00:00:00,3,1,1648
130,31,2021-02-24 00:00:00,8,6,1661
159,31,2021-04-20 00:00:00,11,1,1760
266,31,2021-06-23 00:00:00,7,6,1877
228,31,2021-07-11 00:00:00,5,4,1915
449,31,2021-07-16 00:00:00,2,1,1928
235,31,2021-09-20 00:00:00,10,2,2035
176,31,2021-10-06 00:00:00,8,5,2062
246,32,2017-01-15 00:00:00,3,5,14
70,32,2017-01-15 00:00:00,6,5,16
91,32,2017-01-15 00:00:00,9,3,15
147,32,2017-01-15 00:00:00,12,3,13
262,32,2017-08-09 00:00:00,5,3,184
114,32,2017-11-14 00:00:00,1,2,268
210,32,2017-12-03 00:00:00,3,4,288
26,32,2018-01-01 00:00:00,13,4,324
241,32,2018-01-24 00:00:00,3,6,346
119,32,2018-02-04 00:00:00,8,5,355
476,32,2018-02-21 00:00:00,1,6,366
124,32,2018-02-26 00:00:00,1,6,370
136,32,2018-06-21 00:00:00,5,2,455
249,32,2018-06-25 00:00:00,3,4,458
125,32,2018-11-02 00:00:00,13,4,589
141,32,2018-11-24 00:00:00,9,2,605
259,32,2019-01-05 00:00:00,5,2,634
379,32,2019-01-17 00:00:00,5,1,1287
108,32,2019-06-20 00:00:00,12,6,735
474,32,2019-07-11 00:00:00,3,3,1499
192,32,2019-08-08 00:00:00,13,4,1585
68,32,2019-08-11 00:00:00,5,3,799
282,32,2019-09-27 00:00:00,10,6,868
126,32,2019-10-12 00:00:00,7,2,889
75,32,2019-10-21 00:00:00,7,6,904
130,32,2019-11-06 00:00:00,8,2,920
69,32,2020-06-01 00:00:00,6,2,1183
128,32,2020-06-23 00:00:00,13,4,1223
135,32,2020-08-02 00:00:00,8,1,1292
386,32,2020-08-10 00:00:00,2,2,1306
315,32,2020-09-02 00:00:00,10,3,1345
177,32,2020-10-06 00:00:00,5,6,1409
75,32,2020-11-11 00:00:00,5,5,1471
57,32,2020-11-20 00:00:00,13,2,1487
245,32,2020-12-23 00:00:00,4,5,1549
170,32,2021-01-03 00:00:00,9,6,1565
326,32,2021-01-08 00:00:00,1,5,1576
94,32,2021-02-17 00:00:00,8,5,1646
481,32,2021-03-16 00:00:00,1,2,1700
313,32,2021-05-09 00:00:00,2,2,1790
107,32,2021-06-07 00:00:00,12,6,1847
217,32,2021-08-06 00:00:00,10,3,1961
150,32,2021-09-30 00:00:00,11,4,2051
165,32,2021-10-18 00:00:00,4,1,2094
162,32,2021-11-07 00:00:00,6,2,2121
240,33,2017-02-13 00:00:00,3,6,51
144,33,2017-03-05 00:00:00,13,2,68
289,33,2017-04-30 00:00:00,12,2,231
117,33,2017-06-22 00:00:00,8,2,155
378,33,2017-07-21 00:00:00,2,6,175
174,33,2017-08-05 00:00:00,7,4,183
282,33,2017-09-02 00:00:00,7,1,198
266,33,2017-09-18 00:00:00,4,5,433
212,33,2017-11-16 00:00:00,1,5,272
216,33,2017-11-25 00:00:00,7,4,278
136,33,2017-12-19 00:00:00,12,2,310
102,33,2018-02-05 00:00:00,12,3,357
183,33,2018-06-15 00:00:00,9,4,453
225,33,2018-08-30 00:00:00,10,3,526
25,33,2019-04-08 00:00:00,13,3,679
258,33,2019-07-08 00:00:00,7,1,748
425,33,2019-09-06 00:00:00,1,5,833
915,33,2019-09-06 00:00:00,3,5,3319
188,33,2019-09-07 00:00:00,1,5,837
352,33,2019-09-08 00:00:00,1,5,838
271,33,2019-09-10 00:00:00,1,5,841
213,33,2019-09-11 00:00:00,3,5,845
394,33,2019-09-14 00:00:00,7,2,1703
155,33,2020-04-19 00:00:00,11,3,1101
403,33,2020-05-14 00:00:00,12,5,3456
358,33,2020-06-01 00:00:00,1,6,1182
105,33,2020-06-11 00:00:00,4,3,1200
109,33,2020-06-13 00:00:00,13,2,1203
235,33,2020-08-15 00:00:00,5,1,1314
73,33,2020-10-21 00:00:00,7,2,1433
96,33,2020-11-11 00:00:00,6,1,1467
34,33,2020-11-24 00:00:00,13,2,1497
188,33,2021-02-04 00:00:00,7,2,1627
353,33,2021-02-22 00:00:00,1,1,1657
218,33,2021-03-08 00:00:00,3,3,1681
52,33,2021-03-10 00:00:00,13,3,1686
82,33,2021-03-28 00:00:00,6,2,1718
412,33,2021-06-28 00:00:00,2,2,1890
169,33,2021-07-02 00:00:00,11,6,1900
157,33,2021-07-31 00:00:00,8,1,1954
201,33,2021-09-22 00:00:00,4,4,2040
207,33,2021-10-11 00:00:00,4,3,2073
107,33,2021-11-09 00:00:00,8,4,2124
67,33,2021-11-19 00:00:00,6,1,2142
51,33,2021-11-29 00:00:00,5,5,2156
258,33,2021-12-04 00:00:00,4,3,2163
213,33,2021-12-08 00:00:00,10,3,2172
178,34,2017-03-01 00:00:00,5,4,62
383,34,2017-03-31 00:00:00,2,6,87
129,34,2017-04-29 00:00:00,8,3,114
53,34,2017-08-17 00:00:00,13,3,188
436,34,2017-09-21 00:00:00,2,1,222
238,34,2017-10-09 00:00:00,3,5,240
166,34,2018-01-05 00:00:00,9,2,329
167,34,2018-03-17 00:00:00,9,4,381
371,34,2018-04-13 00:00:00,4,3,812
166,34,2018-05-17 00:00:00,11,5,433
104,34,2018-07-13 00:00:00,9,2,487
229,34,2018-11-05 00:00:00,10,4,591
183,34,2019-03-06 00:00:00,11,1,663
292,34,2019-09-05 00:00:00,2,5,823
778,34,2019-09-06 00:00:00,2,2,1661
198,34,2019-11-25 00:00:00,8,4,930
216,34,2019-11-29 00:00:00,3,4,937
295,34,2020-04-12 00:00:00,7,3,1088
112,34,2020-06-24 00:00:00,9,3,1227
227,34,2020-06-27 00:00:00,10,2,1229
318,34,2020-07-16 00:00:00,2,3,1268
109,34,2020-08-19 00:00:00,13,3,1322
201,34,2020-10-09 00:00:00,1,5,1416
229,34,2020-11-02 00:00:00,12,5,2897
236,34,2020-11-17 00:00:00,10,4,1480
92,34,2020-11-25 00:00:00,13,5,1499
173,34,2020-12-08 00:00:00,7,5,1521
236,34,2021-01-29 00:00:00,1,6,1618
142,34,2021-03-24 00:00:00,8,6,1707
109,34,2021-04-12 00:00:00,9,4,1749
104,34,2021-06-03 00:00:00,8,1,1843
280,34,2021-06-17 00:00:00,4,3,1866
139,34,2021-06-29 00:00:00,1,5,1893
108,34,2021-07-25 00:00:00,12,4,1942
212,34,2021-08-15 00:00:00,3,6,1976
91,34,2021-09-18 00:00:00,6,4,2030
114,34,2021-10-06 00:00:00,8,1,2061
613,34,2021-10-07 00:00:00,10,6,4127
197,34,2021-11-04 00:00:00,8,6,2119
190,34,2021-12-14 00:00:00,1,1,2184
226,35,2017-03-20 00:00:00,10,5,77
197,35,2017-05-21 00:00:00,11,5,133
285,35,2017-08-03 00:00:00,5,5,182
105,35,2017-09-05 00:00:00,5,5,200
300,35,2017-11-13 00:00:00,10,6,266
370,35,2017-11-20 00:00:00,4,6,551
227,35,2018-04-30 00:00:00,3,3,424
92,35,2018-06-08 00:00:00,13,6,446
124,35,2018-09-07 00:00:00,8,5,531
695,35,2018-09-08 00:00:00,1,6,2138
186,35,2018-09-29 00:00:00,11,6,554
281,35,2018-10-24 00:00:00,4,5,567
781,35,2018-11-01 00:00:00,13,4,4676
207,35,2018-11-04 00:00:00,3,2,590
146,35,2018-11-23 00:00:00,13,4,603
231,35,2018-11-26 00:00:00,7,5,607
348,35,2019-05-08 00:00:00,8,2,1391
90,35,2019-06-22 00:00:00,8,3,737
80,35,2019-08-29 00:00:00,8,5,818
178,35,2019-09-18 00:00:00,8,3,854
113,35,2019-10-05 00:00:00,12,3,882
347,35,2020-01-03 00:00:00,10,6,973
97,35,2020-01-13 00:00:00,9,6,982
302,35,2020-04-09 00:00:00,10,5,1080
214,35,2020-06-30 00:00:00,12,1,2467
227,35,2020-07-25 00:00:00,1,3,1283
120,35,2020-07-27 00:00:00,13,3,1285
424,35,2020-09-05 00:00:00,2,6,1349
114,35,2020-09-29 00:00:00,8,6,1395
256,35,2020-10-02 00:00:00,4,4,1398
485,35,2020-11-08 00:00:00,1,6,1455
247,35,2020-11-08 00:00:00,3,5,1457
249,35,2020-11-19 00:00:00,1,6,1482
118,35,2020-11-19 00:00:00,7,3,1483
83,35,2020-12-05 00:00:00,8,3,1512
423,35,2020-12-16 00:00:00,2,1,1533
126,35,2021-01-12 00:00:00,12,5,1584
142,35,2021-01-16 00:00:00,4,3,1589
85,35,2021-01-22 00:00:00,7,1,1601
103,35,2021-02-25 00:00:00,7,1,1662
93,35,2021-04-01 00:00:00,6,6,1728
294,35,2021-04-17 00:00:00,2,5,1757
219,35,2021-04-19 00:00:00,1,1,1759
173,35,2021-05-01 00:00:00,4,1,1783
44,35,2021-06-05 00:00:00,13,2,1845
216,35,2021-06-09 00:00:00,7,4,1850
211,35,2021-08-29 00:00:00,3,1,1997
63,35,2021-09-21 00:00:00,5,1,2039
94,35,2021-10-12 00:00:00,8,2,2076
334,35,2021-10-13 00:00:00,2,6,2077
89,35,2021-10-25 00:00:00,8,4,2109
370,35,2021-11-30 00:00:00,2,5,2158
191,35,2021-12-23 00:00:00,8,4,2206
176,36,2017-04-09 00:00:00,11,3,95
104,36,2017-05-26 00:00:00,9,1,138
299,36,2017-07-08 00:00:00,2,2,160
185,36,2017-07-13 00:00:00,9,1,164
188,36,2017-07-20 00:00:00,8,2,174
297,36,2017-08-13 00:00:00,1,1,187
188,36,2017-09-22 00:00:00,11,5,223
298,36,2018-05-09 00:00:00,7,3,426
84,36,2018-05-10 00:00:00,5,1,429
480,36,2018-05-14 00:00:00,2,5,431
58,36,2018-08-13 00:00:00,13,2,509
497,36,2018-10-30 00:00:00,12,2,2305
310,36,2018-11-06 00:00:00,5,5,594
183,36,2018-11-23 00:00:00,8,5,602
244,36,2019-01-10 00:00:00,1,4,638
180,36,2019-01-10 00:00:00,13,6,1276
200,36,2019-01-16 00:00:00,8,2,642
306,36,2019-04-23 00:00:00,5,5,686
124,36,2019-05-12 00:00:00,13,1,701
484,36,2019-05-16 00:00:00,2,2,708
217,36,2019-08-05 00:00:00,4,2,784
214,36,2019-08-11 00:00:00,3,4,798
466,36,2020-02-02 00:00:00,3,6,1993
166,36,2020-02-06 00:00:00,5,4,1002
228,36,2020-02-16 00:00:00,13,6,2037
254,36,2020-02-18 00:00:00,5,4,1023
370,36,2020-02-18 00:00:00,11,6,2046
71,36,2020-04-01 00:00:00,6,3,1068
327,36,2020-04-30 00:00:00,5,6,1123
163,36,2020-05-11 00:00:00,8,1,1143
274,36,2020-08-18 00:00:00,12,6,2639
139,36,2020-08-23 00:00:00,7,5,1330
98,36,2020-09-06 00:00:00,9,2,1350
289,36,2020-10-01 00:00:00,4,3,1397
189,36,2020-10-21 00:00:00,11,6,1435
334,36,2020-12-08 00:00:00,10,3,1522
53,36,2020-12-23 00:00:00,5,4,1545
163,36,2021-02-17 00:00:00,8,3,1644
350,36,2021-03-27 00:00:00,5,3,1715
103,36,2021-04-06 00:00:00,9,3,1743
240,36,2021-05-23 00:00:00,3,3,1822
253,36,2021-06-25 00:00:00,2,4,1880
267,36,2021-07-20 00:00:00,10,5,1934
93,36,2021-07-27 00:00:00,6,6,1945
637,36,2021-08-05 00:00:00,10,4,3915
292,36,2021-08-07 00:00:00,4,5,1964
318,36,2021-10-27 00:00:00,5,2,2113
378,36,2021-10-29 00:00:00,2,1,2115
123,36,2021-12-27 00:00:00,7,6,2216
313,37,2017-02-04 00:00:00,2,5,38
208,37,2017-06-14 00:00:00,10,2,148
334,37,2017-09-22 00:00:00,11,2,449
130,37,2017-12-04 00:00:00,7,4,291
164,37,2018-04-14 00:00:00,13,3,819
79,37,2018-06-24 00:00:00,13,5,457
145,37,2018-09-14 00:00:00,12,3,540
61,37,2018-09-23 00:00:00,5,4,549
425,37,2018-10-12 00:00:00,2,2,563
237,37,2018-11-05 00:00:00,3,4,592
204,37,2018-12-21 00:00:00,3,2,622
181,37,2019-01-26 00:00:00,11,6,647
116,37,2019-02-28 00:00:00,4,4,661
151,37,2019-05-12 00:00:00,9,4,700
150,37,2019-05-16 00:00:00,7,5,707
88,37,2019-06-03 00:00:00,13,6,721
282,37,2019-06-18 00:00:00,10,6,733
81,37,2019-07-12 00:00:00,8,2,754
109,37,2019-09-27 00:00:00,12,6,867
211,37,2019-10-04 00:00:00,10,3,879
174,37,2020-04-12 00:00:00,9,2,1090
196,37,2020-04-27 00:00:00,11,6,1115
96,37,2020-05-22 00:00:00,9,6,1166
129,37,2020-06-13 00:00:00,4,2,1204
224,37,2020-07-31 00:00:00,4,5,1288
479,37,2020-09-06 00:00:00,1,3,1351
58,37,2020-09-06 00:00:00,13,6,1353
223,37,2020-09-08 00:00:00,3,6,1359
99,37,2020-10-06 00:00:00,6,3,1412
139,37,2020-10-08 00:00:00,12,5,1414
71,37,2020-10-12 00:00:00,6,2,1422
72,37,2020-11-15 00:00:00,13,5,1477
127,37,2020-12-11 00:00:00,4,4,1528
277,37,2020-12-18 00:00:00,4,5,1536
167,37,2021-01-04 00:00:00,8,2,1569
33,37,2021-01-04 00:00:00,13,4,1568
278,37,2021-01-11 00:00:00,1,5,1582
186,37,2021-01-28 00:00:00,11,5,1613
141,37,2021-02-01 00:00:00,9,2,1619
186,37,2021-04-04 00:00:00,11,1,1737
84,37,2021-05-17 00:00:00,13,1,1811
154,37,2021-06-30 00:00:00,11,4,1898
61,37,2021-07-03 00:00:00,5,5,1902
148,37,2021-07-23 00:00:00,8,1,1937
305,37,2021-08-08 00:00:00,5,6,1966
149,37,2021-08-24 00:00:00,12,4,1993
327,37,2021-10-03 00:00:00,10,1,2055
329,37,2021-11-14 00:00:00,1,3,2134
51,37,2021-12-12 00:00:00,5,2,2180
184,37,2021-12-12 00:00:00,11,1,2179
505,38,2017-06-22 00:00:00,4,6,305
149,38,2017-07-07 00:00:00,12,3,159
21,38,2017-10-29 00:00:00,13,3,255
236,38,2017-11-01 00:00:00,3,4,258
60,38,2017-11-30 00:00:00,13,5,285
167,38,2017-12-12 00:00:00,8,2,302
150,38,2017-12-13 00:00:00,12,2,305
124,38,2017-12-15 00:00:00,9,4,308
143,38,2017-12-30 00:00:00,8,1,320
151,38,2018-02-26 00:00:00,1,3,371
130,38,2018-06-22 00:00:00,5,6,456
208,38,2018-09-12 00:00:00,3,4,539
325,38,2018-12-12 00:00:00,10,2,618
131,38,2018-12-24 00:00:00,9,6,625
111,38,2019-06-23 00:00:00,12,1,738
120,38,2019-12-03 00:00:00,12,6,942
295,38,2020-02-06 00:00:00,10,6,1000
72,38,2020-02-10 00:00:00,13,6,1009
182,38,2020-02-22 00:00:00,8,6,1028
39,38,2020-03-02 00:00:00,13,6,1044
194,38,2020-03-05 00:00:00,8,6,1050
243,38,2020-03-30 00:00:00,5,6,1066
347,38,2020-04-10 00:00:00,2,5,1086
481,38,2020-05-11 00:00:00,2,1,1142
243,38,2020-05-16 00:00:00,3,3,1157
257,38,2020-05-22 00:00:00,12,6,2329
250,38,2020-06-09 00:00:00,3,6,1196
125,38,2020-07-11 00:00:00,7,6,1255
107,38,2020-07-31 00:00:00,4,2,1289
175,38,2020-08-13 00:00:00,9,5,1311
392,38,2020-08-21 00:00:00,2,1,1326
220,38,2020-09-10 00:00:00,1,1,1363
356,38,2020-11-01 00:00:00,1,2,1447
132,38,2020-12-15 00:00:00,12,2,1532
143,38,2020-12-23 00:00:00,13,1,1546
94,38,2020-12-25 00:00:00,6,5,1555
206,38,2021-02-14 00:00:00,1,1,1639
236,38,2021-03-11 00:00:00,3,5,1688
239,38,2021-03-19 00:00:00,4,4,1701
163,38,2021-06-26 00:00:00,9,4,1887
104,38,2021-07-10 00:00:00,4,2,1913
430,38,2021-07-11 00:00:00,2,3,1916
127,38,2021-08-31 00:00:00,4,3,2000
39,38,2021-12-28 00:00:00,13,5,2217
285,39,2017-05-20 00:00:00,4,3,132
97,39,2017-05-29 00:00:00,13,3,141
138,39,2017-07-12 00:00:00,12,3,163
349,39,2017-07-25 00:00:00,5,4,178
202,39,2017-11-18 00:00:00,3,4,273
279,39,2018-02-05 00:00:00,10,1,358
283,39,2018-04-09 00:00:00,10,1,401
222,39,2018-04-26 00:00:00,3,5,418
253,39,2018-09-18 00:00:00,4,2,545
278,39,2019-03-09 00:00:00,2,2,665
449,39,2019-05-26 00:00:00,2,3,712
398,39,2019-08-07 00:00:00,7,3,1577
165,39,2019-09-20 00:00:00,8,1,858
266,39,2019-10-13 00:00:00,4,1,890
208,39,2019-10-19 00:00:00,1,1,903
22,39,2019-11-19 00:00:00,13,1,924
303,39,2019-12-25 00:00:00,5,1,962
827,39,2020-04-03 00:00:00,10,2,3213
133,39,2020-05-02 00:00:00,13,4,1126
170,39,2020-06-13 00:00:00,4,6,1202
130,39,2020-06-14 00:00:00,12,5,1206
185,39,2020-07-12 00:00:00,11,4,1258
464,39,2020-07-22 00:00:00,1,2,1280
152,39,2020-08-21 00:00:00,4,1,1327
87,39,2020-09-24 00:00:00,13,1,1385
94,39,2020-10-26 00:00:00,7,2,1440
137,39,2021-01-18 00:00:00,12,3,1594
120,39,2021-01-21 00:00:00,13,1,1598
131,39,2021-02-23 00:00:00,13,5,1660
175,39,2021-03-15 00:00:00,9,5,1695
214,39,2021-03-16 00:00:00,3,1,1698
205,39,2021-04-03 00:00:00,3,3,1733
279,39,2021-06-01 00:00:00,7,3,1838
224,39,2021-06-26 00:00:00,3,6,1883
237,39,2021-06-29 00:00:00,3,1,1891
275,39,2021-09-02 00:00:00,10,4,2002
39,39,2021-09-15 00:00:00,13,1,2025
147,39,2021-09-17 00:00:00,12,6,2028
451,39,2021-10-07 00:00:00,1,5,2065
224,39,2021-10-23 00:00:00,10,3,2104
187,39,2021-10-25 00:00:00,9,4,2108
109,39,2021-10-27 00:00:00,7,1,2112
321,39,2021-11-12 00:00:00,2,1,2130
295,39,2021-11-14 00:00:00,5,2,2133
220,40,2017-02-25 00:00:00,10,2,60
141,40,2017-09-02 00:00:00,7,5,197
105,40,2017-09-17 00:00:00,9,3,214
347,40,2017-10-03 00:00:00,5,6,234
104,40,2017-12-08 00:00:00,5,5,295
222,40,2018-01-06 00:00:00,3,5,331
307,40,2018-08-10 00:00:00,10,2,505
338,40,2019-06-07 00:00:00,5,5,725
497,40,2019-08-30 00:00:00,11,1,2460
71,40,2020-06-24 00:00:00,7,1,1228
417,40,2020-07-15 00:00:00,2,1,1265
177,40,2020-07-15 00:00:00,4,6,1263
293,40,2020-10-10 00:00:00,4,3,1419
258,40,2020-10-21 00:00:00,2,1,1434
114,40,2021-01-19 00:00:00,1,5,1595
256,40,2021-03-04 00:00:00,1,5,1676
337,40,2021-07-13 00:00:00,2,2,1920
251,40,2021-07-15 00:00:00,1,4,1927
163,40,2021-09-11 00:00:00,9,5,2018
91,40,2021-09-28 00:00:00,5,6,2048
288,41,2017-02-04 00:00:00,7,6,41
88,41,2017-04-09 00:00:00,7,1,96
196,41,2017-04-13 00:00:00,11,3,103
221,41,2017-05-09 00:00:00,3,1,125
232,41,2017-07-09 00:00:00,3,1,161
141,41,2018-01-26 00:00:00,12,3,347
147,41,2018-05-09 00:00:00,8,4,427
445,41,2018-09-27 00:00:00,2,5,553
221,41,2019-07-30 00:00:00,10,1,777
132,41,2020-01-25 00:00:00,8,5,990
144,41,2020-01-30 00:00:00,13,5,995
54,41,2020-04-19 00:00:00,13,3,1103
194,41,2020-12-08 00:00:00,8,4,1520
243,41,2021-04-29 00:00:00,10,5,1780
166,41,2021-11-10 00:00:00,11,2,2127
162,42,2017-02-14 00:00:00,6,5,55
157,42,2017-10-06 00:00:00,7,1,236
226,42,2017-10-11 00:00:00,4,4,244
381,42,2020-04-11 00:00:00,2,5,1087
155,42,2020-06-05 00:00:00,5,3,1189
364,42,2020-06-18 00:00:00,1,4,1213
148,42,2020-08-28 00:00:00,4,6,1334
96,42,2021-03-26 00:00:00,6,4,1714
145,42,2021-05-20 00:00:00,5,2,1816
286,42,2021-05-21 00:00:00,4,5,1818
203,42,2021-07-13 00:00:00,3,5,1919
111,42,2021-10-17 00:00:00,13,5,2092
294,42,2021-11-10 00:00:00,10,2,2126
316,43,2017-03-30 00:00:00,10,3,86
241,43,2017-04-13 00:00:00,3,6,102
370,43,2017-12-08 00:00:00,2,5,296
251,43,2018-04-02 00:00:00,7,2,394
95,43,2019-05-16 00:00:00,6,1,709
265,43,2020-05-23 00:00:00,1,1,1168
236,43,2020-06-06 00:00:00,7,4,1191
176,43,2020-07-11 00:00:00,11,5,1254
112,43,2021-01-28 00:00:00,8,1,1615
287,43,2021-05-05 00:00:00,4,6,1788
339,43,2021-07-17 00:00:00,1,3,1931
335,44,2017-01-31 00:00:00,5,3,32
430,44,2017-05-03 00:00:00,2,3,118
272,44,2017-08-22 00:00:00,10,5,192
95,44,2017-09-11 00:00:00,8,3,208
119,44,2017-09-23 00:00:00,12,4,228
232,44,2017-10-28 00:00:00,1,6,253
190,44,2017-11-25 00:00:00,9,5,280
164,44,2018-02-09 00:00:00,9,3,362
83,44,2018-05-09 00:00:00,13,6,428
302,44,2018-06-27 00:00:00,4,5,923
601,44,2018-09-30 00:00:00,4,2,1668
102,44,2020-03-29 00:00:00,12,2,1065
50,44,2020-05-06 00:00:00,5,3,1136
118,44,2020-07-15 00:00:00,9,6,1264
119,44,2020-07-19 00:00:00,12,3,1273
265,44,2020-08-18 00:00:00,4,4,1318
49,44,2021-05-15 00:00:00,13,2,1808
152,44,2021-05-21 00:00:00,8,4,1817
156,44,2021-07-12 00:00:00,4,4,1917
163,44,2021-07-12 00:00:00,8,6,1918
149,44,2021-11-20 00:00:00,1,4,2145
226,44,2021-12-01 00:00:00,5,3,2160
155,45,2017-01-08 00:00:00,11,3,6
340,45,2018-02-03 00:00:00,1,4,354
209,45,2018-12-23 00:00:00,3,5,624
191,45,2019-02-10 00:00:00,4,6,652
256,45,2019-02-24 00:00:00,10,2,657
592,45,2020-02-12 00:00:00,10,6,2029
777,45,2020-02-25 00:00:00,10,6,3090
708,45,2020-03-01 00:00:00,11,6,4155
939,45,2020-03-02 00:00:00,4,6,4176
421,45,2020-03-04 00:00:00,6,6,3144
114,45,2020-04-29 00:00:00,13,6,1119
143,45,2020-07-03 00:00:00,8,6,1244
203,45,2020-09-07 00:00:00,10,6,1354
187,45,2020-10-05 00:00:00,11,1,1408
143,45,2021-07-27 00:00:00,13,5,1946
120,46,2017-03-10 00:00:00,12,4,70
42,46,2017-06-20 00:00:00,13,4,151
141,46,2017-08-27 00:00:00,9,6,196
222,46,2017-10-22 00:00:00,7,2,248
457,46,2018-01-01 00:00:00,1,4,643
175,46,2018-02-06 00:00:00,11,3,360
101,46,2018-02-14 00:00:00,9,5,364
315,46,2018-02-25 00:00:00,10,4,369
167,46,2018-10-13 00:00:00,11,5,564
280,46,2020-05-01 00:00:00,1,6,1124
447,46,2020-06-04 00:00:00,1,2,1186
202,46,2020-08-17 00:00:00,4,1,1317
187,46,2020-10-03 00:00:00,11,3,1402
228,46,2021-04-30 00:00:00,3,3,1781
116,46,2021-11-15 00:00:00,12,5,2137
184,47,2017-09-17 00:00:00,4,5,215
91,47,2018-07-07 00:00:00,7,5,477
237,47,2019-03-19 00:00:00,10,4,669
363,47,2019-05-13 00:00:00,1,3,704
235,47,2019-12-12 00:00:00,1,3,954
155,47,2020-04-07 00:00:00,5,2,1077
268,47,2020-04-12 00:00:00,5,3,1089
143,47,2020-06-08 00:00:00,4,4,1194
285,47,2020-11-11 00:00:00,10,2,1466
145,47,2021-09-04 00:00:00,12,4,2006
235,48,2017-03-31 00:00:00,3,3,88
389,48,2017-07-15 00:00:00,2,3,168
178,48,2017-09-08 00:00:00,8,6,205
159,48,2020-12-07 00:00:00,11,3,1518
197,48,2020-12-14 00:00:00,8,6,1530
291,48,2021-01-09 00:00:00,10,5,1579
107,48,2021-09-07 00:00:00,5,4,2011
100,49,2017-05-28 00:00:00,8,2,139
78,49,2017-07-23 00:00:00,13,6,176
278,49,2019-03-20 00:00:00,10,6,670
238,49,2019-06-01 00:00:00,3,2,720
628,49,2019-12-10 00:00:00,4,2,2848
156,49,2020-05-05 00:00:00,4,2,1134
105,49,2020-05-30 00:00:00,8,4,1179
72,49,2020-06-24 00:00:00,7,2,1224
314,49,2020-08-05 00:00:00,5,4,1302
194,49,2020-08-28 00:00:00,8,2,1339
146,49,2021-03-25 00:00:00,12,4,1708
144,49,2021-09-30 00:00:00,13,6,2049
103,50,2020-06-19 00:00:00,12,4,1217
172,50,2020-07-22 00:00:00,4,2,1277
124,50,2020-08-12 00:00:00,13,3,1308
351,50,2020-11-10 00:00:00,1,5,1462
109,50,2021-06-23 00:00:00,8,5,1878
129,50,2021-11-14 00:00:00,12,2,2135
95,51,2017-04-11 00:00:00,5,1,99
286,51,2020-10-29 00:00:00,4,1,1445
236,51,2021-04-22 00:00:00,10,6,1764
244,51,2021-05-09 00:00:00,3,2,1791
86,51,2021-09-28 00:00:00,6,5,2046
144,51,2021-09-28 00:00:00,12,4,2047
235,51,2021-10-29 00:00:00,3,1,2116
109,51,2021-11-25 00:00:00,12,6,2148
259,52,2020-05-12 00:00:00,4,6,1148
177,52,2020-11-27 00:00:00,9,1,1501
108,52,2021-10-18 00:00:00,4,3,2095
0,53,2018-03-20 00:00:00,12,1,384
0,53,2019-07-01 00:00:00,1,2,744
0,53,2019-12-22 00:00:00,11,1,960
0,53,2020-04-30 00:00:00,11,1,1121
0,53,2020-05-03 00:00:00,9,1,1129
0,53,2020-12-23 00:00:00,12,1,1544
0,53,2021-02-20 00:00:00,2,1,1652
0,53,2021-05-14 00:00:00,3,3,1803
0,53,2021-05-30 00:00:00,13,6,1835
0,53,2021-11-27 00:00:00,8,4,2154
87,54,2017-03-22 00:00:00,8,5,80
125,54,2018-03-29 00:00:00,8,3,391
149,54,2018-12-20 00:00:00,13,2,619
189,54,2020-04-24 00:00:00,5,1,1113
181,54,2020-09-10 00:00:00,11,2,1365
178,54,2020-10-26 00:00:00,11,1,1439
164,54,2021-05-16 00:00:00,1,4,1809
335,54,2021-06-25 00:00:00,10,6,1881
145,54,2021-09-02 00:00:00,9,1,2003
165,54,2021-10-03 00:00:00,11,3,2054
159,54,2021-11-01 00:00:00,11,3,2117
198,55,2018-07-28 00:00:00,11,2,495
313,55,2020-06-04 00:00:00,2,5,1187
190,55,2020-07-30 00:00:00,11,6,1287
232,55,2021-01-08 00:00:00,3,6,1572
105,55,2021-03-02 00:00:00,8,4,1672
208,55,2021-04-24 00:00:00,1,6,1769
347,55,2021-11-17 00:00:00,2,6,2141
86,56,2017-04-03 00:00:00,7,5,90
464,56,2017-09-17 00:00:00,2,4,212
147,56,2020-01-02 00:00:00,12,2,970
90,56,2021-01-18 00:00:00,6,2,1592
449,56,2021-02-22 00:00:00,1,2,1659
309,57,2018-04-22 00:00:00,2,5,416
401,57,2018-04-29 00:00:00,2,1,421
175,57,2020-06-03 00:00:00,5,1,1184
56,57,2020-06-09 00:00:00,13,6,1197
182,57,2020-07-14 00:00:00,9,5,1261
284,57,2021-02-21 00:00:00,2,1,1655
95,57,2021-11-09 00:00:00,6,1,2125
174,58,2017-12-27 00:00:00,11,4,315
302,58,2018-01-12 00:00:00,1,4,337
272,58,2018-12-03 00:00:00,7,2,613
515,58,2020-03-19 00:00:00,5,3,2123
144,58,2020-09-01 00:00:00,1,4,1343
255,58,2020-09-15 00:00:00,4,4,1370
178,58,2021-02-18 00:00:00,9,2,1647
263,58,2021-03-04 00:00:00,10,1,1675
163,58,2021-05-22 00:00:00,7,3,1821
289,58,2021-11-04 00:00:00,10,6,2118
139,59,2017-04-04 00:00:00,12,5,92
269,59,2018-01-15 00:00:00,1,4,340
189,59,2018-04-25 00:00:00,9,6,417
383,59,2020-01-02 00:00:00,11,1,1943
243,59,2020-05-27 00:00:00,3,1,1175
116,59,2020-11-02 00:00:00,12,4,1450
174,59,2021-01-01 00:00:00,4,3,1562
227,59,2021-03-20 00:00:00,3,1,1702
177,59,2021-04-16 00:00:00,11,5,1755
162,60,2018-01-29 00:00:00,11,2,350
251,60,2019-01-25 00:00:00,1,1,645
248,60,2019-08-04 00:00:00,6,6,1563
141,60,2020-12-21 00:00:00,7,5,1540
372,60,2020-12-25 00:00:00,2,5,1554
206,60,2021-06-20 00:00:00,4,4,1870
804,61,2019-08-01 00:00:00,2,1,1559
30,61,2020-05-29 00:00:00,13,3,1176
179,61,2020-07-17 00:00:00,11,5,1269
139,61,2020-08-14 00:00:00,12,2,1312
123,61,2021-08-23 00:00:00,8,1,1991
142,61,2021-08-25 00:00:00,8,4,1994
90,61,2021-09-03 00:00:00,8,5,2005
195,62,2019-02-21 00:00:00,9,1,656
323,62,2019-07-26 00:00:00,5,1,773
183,62,2020-08-03 00:00:00,9,1,1294
196,62,2020-10-12 00:00:00,9,3,1421
290,62,2021-05-18 00:00:00,7,1,1814
229,62,2021-08-30 00:00:00,3,6,1998
300,62,2021-12-06 00:00:00,10,5,2167
136,63,2020-05-04 00:00:00,4,3,1130
42,63,2020-07-02 00:00:00,13,3,1242
95,64,2019-09-11 00:00:00,6,5,844
162,64,2021-05-25 00:00:00,11,1,1830
177,64,2021-07-14 00:00:00,9,6,1926
285,65,2017-12-09 00:00:00,2,5,298
157,65,2019-08-11 00:00:00,11,1,800
113,65,2020-10-02 00:00:00,12,6,1401
95,65,2021-02-14 00:00:00,6,3,1641
85,65,2021-05-13 00:00:00,6,4,1800
199,65,2021-10-01 00:00:00,11,5,2052
116,66,2017-02-11 00:00:00,8,5,50
243,66,2020-07-01 00:00:00,3,6,1237
147,66,2020-09-15 00:00:00,9,2,1369
103,66,2021-03-30 00:00:00,12,5,1723
158,66,2021-04-06 00:00:00,11,6,1742
172,66,2021-05-04 00:00:00,11,2,1787
128,67,2018-03-16 00:00:00,12,2,380
301,67,2018-12-24 00:00:00,1,1,626
173,67,2019-11-24 00:00:00,9,2,929
495,67,2020-02-06 00:00:00,2,1,1001
239,67,2020-12-06 00:00:00,3,4,1516
128,67,2021-01-28 00:00:00,1,4,1616
330,67,2021-02-20 00:00:00,10,3,1653
312,67,2021-05-27 00:00:00,10,6,1833
113,68,2017-11-14 00:00:00,12,5,267
244,68,2020-08-05 00:00:00,10,5,1301
162,68,2020-10-28 00:00:00,5,2,1444
111,68,2021-03-02 00:00:00,7,1,1670
222,69,2018-03-17 00:00:00,3,3,382
207,69,2019-11-30 00:00:00,3,3,938
105,69,2021-11-25 00:00:00,12,4,2149
170,70,2017-04-01 00:00:00,11,5,89
485,70,2017-12-12 00:00:00,1,3,301
90,70,2019-08-18 00:00:00,6,5,803
245,70,2020-07-14 00:00:00,3,3,1260
164,70,2020-09-08 00:00:00,8,5,1358
155,70,2021-08-02 00:00:00,11,4,1955
293,71,2018-12-20 00:00:00,10,6,620
150,71,2020-06-10 00:00:00,12,3,1198
106,71,2020-12-05 00:00:00,4,1,1514
127,71,2021-02-03 00:00:00,7,3,1624
100,71,2021-09-19 00:00:00,7,2,2034
200,72,2018-02-06 00:00:00,10,6,359
114,72,2018-03-26 00:00:00,12,1,389
77,72,2020-09-07 00:00:00,6,6,1357
213,72,2020-12-09 00:00:00,3,3,1525
243,72,2021-04-02 00:00:00,3,3,1732
116,72,2021-04-25 00:00:00,12,2,1771
240,72,2021-09-13 00:00:00,3,5,2020
338,73,2020-01-17 00:00:00,10,4,983
303,73,2021-07-25 00:00:00,10,5,1941
204,73,2021-12-30 00:00:00,13,5,6654
191,74,2017-12-06 00:00:00,11,2,293
183,74,2018-04-01 00:00:00,9,1,393
295,74,2018-07-11 00:00:00,10,6,482
222,74,2020-09-17 00:00:00,10,4,1373
189,74,2020-12-23 00:00:00,7,4,1548
246,74,2021-04-05 00:00:00,7,4,1738
139,74,2021-07-31 00:00:00,1,3,1953
106,75,2017-01-10 00:00:00,13,2,8
283,75,2017-09-19 00:00:00,2,5,219
577,75,2019-04-06 00:00:00,1,6,1355
189,75,2020-12-22 00:00:00,11,4,1542
211,75,2021-03-29 00:00:00,3,6,1721
93,75,2021-04-12 00:00:00,9,2,1748
141,75,2021-10-16 00:00:00,9,1,2086
232,76,2018-12-23 00:00:00,3,1,623
93,76,2021-04-28 00:00:00,9,2,1776
113,76,2021-05-09 00:00:00,5,4,1792
296,76,2021-11-16 00:00:00,4,4,2138
101,77,2020-08-03 00:00:00,8,6,1296
156,77,2021-03-02 00:00:00,11,6,1673
162,77,2021-06-28 00:00:00,6,3,1889
157,77,2021-08-05 00:00:00,9,1,1959
295,77,2021-12-09 00:00:00,10,2,2173
347,78,2017-01-20 00:00:00,10,6,24
147,78,2017-12-21 00:00:00,12,5,312
426,78,2018-01-03 00:00:00,1,5,327
123,78,2021-10-08 00:00:00,4,1,2066
75,79,2021-04-16 00:00:00,6,2,1753
152,79,2021-10-16 00:00:00,11,1,2090
210,80,2017-03-04 00:00:00,10,4,65
240,80,2018-08-13 00:00:00,3,3,510
34,80,2020-06-18 00:00:00,13,4,1212
95,80,2020-08-20 00:00:00,6,6,1325
130,80,2021-01-14 00:00:00,12,2,1586
189,80,2021-08-12 00:00:00,9,3,1975
150,80,2021-09-13 00:00:00,12,6,2023
115,80,2021-12-24 00:00:00,13,6,2209
232,81,2017-07-14 00:00:00,3,4,167
202,81,2018-01-01 00:00:00,3,4,323
578,81,2018-06-14 00:00:00,4,6,1353
198,81,2020-01-12 00:00:00,11,6,981
372,81,2020-06-20 00:00:00,2,4,1218
127,81,2020-11-14 00:00:00,12,1,1476
434,82,2018-04-11 00:00:00,1,3,402
108,82,2018-07-29 00:00:00,8,1,497
88,82,2020-05-25 00:00:00,8,6,1170
221,82,2020-05-26 00:00:00,7,2,1172
232,82,2020-06-10 00:00:00,3,1,1199
234,82,2020-09-13 00:00:00,5,2,1368
226,82,2020-12-18 00:00:00,3,2,1534
197,82,2021-04-23 00:00:00,9,6,1766
229,82,2021-05-10 00:00:00,3,3,1794
163,82,2021-07-29 00:00:00,5,3,1948
443,83,2017-10-11 00:00:00,2,5,243
93,83,2020-09-02 00:00:00,6,2,1346
213,83,2020-09-25 00:00:00,3,2,1386
94,83,2020-11-07 00:00:00,9,6,1454
193,83,2021-04-17 00:00:00,9,4,1756
406,84,2017-09-17 00:00:00,2,1,213
242,84,2019-10-09 00:00:00,3,2,884
212,84,2020-10-14 00:00:00,4,4,1425
300,84,2021-09-01 00:00:00,10,5,2001
